species,kingdom,phylum,class,order_name,family,genus,common_name,description
abralia_heterabralia_andamanica,,,,,,,,"taxonomy source=taxonomy-data, status=present"
abraliopsis_micrabralia_lineata,,,,,,,,"taxonomy source=taxonomy-data, status=present"
acanthacaris_tenuimana,Animalia,Arthropoda,Malacostraca,Decapoda,Nephropidae,Acanthacaris,,"taxonomy source=taxonomy-data, status=present"
acanthephyra_carinata,,,,,,,,"taxonomy source=taxonomy-data, status=present"
acanthephyra_eximia,,,,,,,,"taxonomy source=taxonomy-data, status=present"
acanthephyra_fimbriata,,,,,,,,"taxonomy source=taxonomy-data, status=present"
acanthocidaris_maculicollis,,,,,,,,"taxonomy source=taxonomy-data, status=present"
acantholaimus_vermeuleni,,,,,,,,"taxonomy source=taxonomy-data, status=present"
acanthozoon_fuscobulbosum,Animalia,Platyhelminthes,,Polycladida,Pseudocerotidae,Acanthozoon,,"taxonomy source=taxonomy-data, status=present"
acoetes,,,,,,,,"taxonomy source=taxonomy-data, status=present"
acropoma_japonicum,,,,,,,,"taxonomy source=taxonomy-data, status=present"
aesopia_cornuta,,,,,,,,"taxonomy source=taxonomy-data, status=present"
aglaophamus_dibranchis,,,,,,,,"taxonomy source=taxonomy-data, status=present"
aglaophamus_verrilli,,,,,,,,"taxonomy source=taxonomy-data, status=present"
agononida,,,,,,,,"taxonomy source=taxonomy-data, status=present"
agononida_indocerta,Animalia,Arthropoda,Malacostraca,Decapoda,Munididae,Agononida,,"taxonomy source=taxonomy-data, status=present"
agononida_prolixa,Animalia,Arthropoda,Malacostraca,Decapoda,Munididae,Agononida,,"taxonomy source=taxonomy-data, status=present"
alepocephalus_bicolor,,,,,,,,"taxonomy source=taxonomy-data, status=present"
alepocephalus_blanfordii,,,,,,,,"taxonomy source=taxonomy-data, status=present"
allomunida_magnicheles,,,,,,,,"taxonomy source=taxonomy-data, status=present"
alpheus_frontalis,Animalia,Arthropoda,Malacostraca,Decapoda,Alpheidae,Alpheus,,"taxonomy source=taxonomy-data, status=present"
alpheus_lottini,,,,,,,,"taxonomy source=taxonomy-data, status=present"
alpheus_sp,,,,,,,,"taxonomy source=taxonomy-data, status=present"
ampharete_agulhasensis,,,,,,,,"taxonomy source=taxonomy-data, status=present"
ampharete_kerguelensis,,,,,,,,"taxonomy source=taxonomy-data, status=present"
ampharete_luederitzi,,,,,,,,"taxonomy source=taxonomy-data, status=present"
amphicteis_gunneri,,,,,,,,"taxonomy source=taxonomy-data, status=present"
amphigymnas_woodmasoni,,,,,,,,"taxonomy source=taxonomy-data, status=present"
amphiodia,,,,,,,,"taxonomy source=taxonomy-data, status=present"
amphiodia_frigida,,,,,,,,"taxonomy source=taxonomy-data, status=present"
amphiophiura_insolita,,,,,,,,"taxonomy source=taxonomy-data, status=present"
amphioplus_amphioplus_personatus,,,,,,,,"taxonomy source=taxonomy-data, status=present"
amphioplus_dispar,,,,,,,,"taxonomy source=taxonomy-data, status=present"
amphioplus_lymanella_andreae,,,,,,,,"taxonomy source=taxonomy-data, status=present"
amphioplus_lymanella_depressus,,,,,,,,"taxonomy source=taxonomy-data, status=present"
amphioplus_lymanella_laevis,,,,,,,,"taxonomy source=taxonomy-data, status=present"
amphioplus_unioplus_caulleryi,,,,,,,,"taxonomy source=taxonomy-data, status=present"
amphipholis_misera,,,,,,,,"taxonomy source=taxonomy-data, status=present"
amphipholis_squamata,Animalia,Echinodermata,Ophiuroidea,Amphilepidida,Amphiuridae,Amphipholis,,"taxonomy source=taxonomy-data, status=present"
amphiura_amphiura_ambigua,,,,,,,,"taxonomy source=taxonomy-data, status=present"
amphiura_amphiura_constricta,,,,,,,,"taxonomy source=taxonomy-data, status=present"
amphiura_amphiura_dejectoides,,,,,,,,"taxonomy source=taxonomy-data, status=present"
amphiura_amphiura_duncani,,,,,,,,"taxonomy source=taxonomy-data, status=present"
amphiura_fellaria_heptacantha,,,,,,,,"taxonomy source=taxonomy-data, status=present"
amphiura_ophiopeltis_tenuis,,,,,,,,"taxonomy source=taxonomy-data, status=present"
anchylomera_blossevillei,,,,,,,,"taxonomy source=taxonomy-data, status=present"
ancistrocheirus_lesueurii,,,,,,,,"taxonomy source=taxonomy-data, status=present"
anoplogaster_cornuta,,,,,,,,"taxonomy source=taxonomy-data, status=present"
antedon_parviflora,,,,,,,,"taxonomy source=taxonomy-data, status=present"
antennarius_hispidus,,,,,,,,"taxonomy source=taxonomy-data, status=present"
anthenoides_cristatus,,,,,,,,"taxonomy source=taxonomy-data, status=present"
antigonia_rubescens,,,,,,,,"taxonomy source=taxonomy-data, status=present"
aonidella_cirrobranchiata,,,,,,,,"taxonomy source=taxonomy-data, status=present"
aonides,Animalia,Annelida,Polychaeta,Spionida,Spionidae,Aonides,,"taxonomy source=taxonomy-data, status=present"
aonides_oxycephala,,,,,,,,"taxonomy source=taxonomy-data, status=present"
aphanopus_microphthalmus,,,,,,,,"taxonomy source=taxonomy-data, status=present"
aphelochaeta_filibranchia,,,,,,,,"taxonomy source=taxonomy-data, status=present"
aphrodita,,,,,,,,"taxonomy source=taxonomy-data, status=present"
aphrogenia,,,,,,,,"taxonomy source=taxonomy-data, status=present"
aphrogenia_alba,,,,,,,,"taxonomy source=taxonomy-data, status=present"
aponema_abyssalis,,,,,,,,"taxonomy source=taxonomy-data, status=present"
aponema_decraemerae,,,,,,,,"taxonomy source=taxonomy-data, status=present"
aquilonastra_burtoni,,,,,,,,"taxonomy source=taxonomy-data, status=present"
arabella_iricolor,,,,,,,,"taxonomy source=taxonomy-data, status=present"
araeosoma_coriaceum_indicum,,,,,,,,"taxonomy source=taxonomy-data, status=present"
arcania_brevifrons,Animalia,Arthropoda,Malacostraca,Decapoda,Leucosiidae,Arcania,,"taxonomy source=taxonomy-data, status=present"
arcania_cornuta,,,,,,,,"taxonomy source=taxonomy-data, status=present"
arcania_gracilis,Animalia,Arthropoda,Malacostraca,Decapoda,Leucosiidae,Arcania,,"taxonomy source=taxonomy-data, status=present"
arcania_septemspinosa,Animalia,Arthropoda,Malacostraca,Decapoda,Leucosiidae,Arcania,,"taxonomy source=taxonomy-data, status=present"
arcania_undecimspinosa,,,,,,,,"taxonomy source=taxonomy-data, status=present"
argyropelecus_aculeatus,,,,,,,,"taxonomy source=taxonomy-data, status=present"
argyropelecus_affinis,,,,,,,,"taxonomy source=taxonomy-data, status=present"
argyropelecus_gigas,,,,,,,,"taxonomy source=taxonomy-data, status=present"
argyropelecus_sladeni,,,,,,,,"taxonomy source=taxonomy-data, status=present"
arhynchite,,,,,,,,"taxonomy source=taxonomy-data, status=present"
aricidea_acmira_catherinae,,,,,,,,"taxonomy source=taxonomy-data, status=present"
aricidea_acmira_cerrutii,,,,,,,,"taxonomy source=taxonomy-data, status=present"
aricidea_acmira_lopezi,,,,,,,,"taxonomy source=taxonomy-data, status=present"
aricidea_acmira_simplex,,,,,,,,"taxonomy source=taxonomy-data, status=present"
aricidea_aricidea_capensis,,,,,,,,"taxonomy source=taxonomy-data, status=present"
aricidea_aricidea_curviseta,,,,,,,,"taxonomy source=taxonomy-data, status=present"
aricidea_aricidea_longicirrata,,,,,,,,"taxonomy source=taxonomy-data, status=present"
aricidea_longobranchiata,,,,,,,,"taxonomy source=taxonomy-data, status=present"
aricidea_strelzovia_belgicae,,,,,,,,"taxonomy source=taxonomy-data, status=present"
aristaeopsis_edwardsiana,,,,,,,,"taxonomy source=taxonomy-data, status=present"
aristeus,,,,,,,,"taxonomy source=taxonomy-data, status=present"
aristeus_alcocki,,,,,,,,"taxonomy source=taxonomy-data, status=present"
aristeus_virilis,,,,,,,,"taxonomy source=taxonomy-data, status=present"
aristostomias_polydactylus,,,,,,,,"taxonomy source=taxonomy-data, status=present"
aristostomias_xenostoma,,,,,,,,"taxonomy source=taxonomy-data, status=present"
armandia_intermedia,Animalia,Annelida,Polychaeta,,Opheliidae,Armandia,,"taxonomy source=taxonomy-data, status=present"
armandia_melanura,,,,,,,,"taxonomy source=taxonomy-data, status=present"
armandia_sampadae,,,,,,,,"taxonomy source=taxonomy-data, status=present"
armandia_simodaensis,,,,,,,,"taxonomy source=taxonomy-data, status=present"
aspidosiphon_akrikos_carnicobarensis,,,,,,,,"taxonomy source=taxonomy-data, status=present"
aspidosiphon_paraspidosiphon_laevis,,,,,,,,"taxonomy source=taxonomy-data, status=present"
asteronyx_loveni,,,,,,,,"taxonomy source=taxonomy-data, status=present"
asteropsis_carinifera,Animalia,Echinodermata,Asteroidea,Valvatida,Asteropseidae,Asteropsis,,"taxonomy source=taxonomy-data, status=present"
asthenosoma_varium,,,,,,,,"taxonomy source=taxonomy-data, status=present"
astroboa_nuda,,,,,,,,"taxonomy source=taxonomy-data, status=present"
astroceramus_fisheri,,,,,,,,"taxonomy source=taxonomy-data, status=present"
astrodendrum_laevigatum,,,,,,,,"taxonomy source=taxonomy-data, status=present"
astronesthes_formosanus,,,,,,,,"taxonomy source=taxonomy-data, status=present"
astronesthes_indicus,,,,,,,,"taxonomy source=taxonomy-data, status=present"
astronesthes_indopacificus,,,,,,,,"taxonomy source=taxonomy-data, status=present"
astronesthes_lucifer,,,,,,,,"taxonomy source=taxonomy-data, status=present"
astronesthes_martensii,,,,,,,,"taxonomy source=taxonomy-data, status=present"
astronesthes_quasiindicus,,,,,,,,"taxonomy source=taxonomy-data, status=present"
astropecten,,,,,,,,"taxonomy source=taxonomy-data, status=present"
astropecten_andersoni,,,,,,,,"taxonomy source=taxonomy-data, status=present"
astropecten_griegi,,,,,,,,"taxonomy source=taxonomy-data, status=present"
astropecten_hemprichi,,,,,,,,"taxonomy source=taxonomy-data, status=present"
astropecten_mauritianus,,,,,,,,"taxonomy source=taxonomy-data, status=present"
astropecten_monacanthus,,,,,,,,"taxonomy source=taxonomy-data, status=present"
astropecten_polyacanthus,,,,,,,,"taxonomy source=taxonomy-data, status=present"
astropecten_vappa,,,,,,,,"taxonomy source=taxonomy-data, status=present"
astropecten_velitaris,,,,,,,,"taxonomy source=taxonomy-data, status=present"
astrothorax_waitei,,,,,,,,"taxonomy source=taxonomy-data, status=present"
ateleopus_indicus,,,,,,,,"taxonomy source=taxonomy-data, status=present"
atrobucca_nibe,,,,,,,,taxonomy source=taxonomy-enriched
avocettina_paucipora,,,,,,,,"taxonomy source=taxonomy-data, status=present"
baeolidia_moebii,Animalia,Mollusca,Gastropoda,Nudibranchia,Aeolidiidae,Baeolidia,,"taxonomy source=taxonomy-data, status=present"
bathophilus_altipinnis,,,,,,,,"taxonomy source=taxonomy-data, status=present"
bathophilus_cwyanorum,,,,,,,,"taxonomy source=taxonomy-data, status=present"
bathophilus_digitatus,,,,,,,,"taxonomy source=taxonomy-data, status=present"
bathophilus_novicki,,,,,,,,"taxonomy source=taxonomy-data, status=present"
bathophilus_proximus,,,,,,,,"taxonomy source=taxonomy-data, status=present"
bathyarctus_rubens,Animalia,Arthropoda,Malacostraca,Decapoda,Scyllaridae,Bathyarctus,,"taxonomy source=taxonomy-data, status=present"
bathyclupea_elongata,,,,,,,,"taxonomy source=taxonomy-data, status=present"
bathyclupea_hoskynii,,,,,,,,"taxonomy source=taxonomy-data, status=present"
bathycongrus_trimaculatus,,,,,,,,"taxonomy source=taxonomy-data, status=present"
bathynomus_keablei,,,,,,,,"taxonomy source=taxonomy-data, status=present"
bathynox_clavata,,,,,,,,"taxonomy source=taxonomy-data, status=present"
bathypectinura_heros,,,,,,,,"taxonomy source=taxonomy-data, status=present"
bathyplotes_natans,,,,,,,,"taxonomy source=taxonomy-data, status=present"
bathypterois_atricolor,,,,,,,,"taxonomy source=taxonomy-data, status=present"
bathysphyraenops_radhae,,,,,,,,"taxonomy source=taxonomy-data, status=present"
bathysphyraenops_sp,,,,,,,,"taxonomy source=taxonomy-data, status=present"
bathyteuthis_bacidifera,,,,,,,,"taxonomy source=taxonomy-data, status=present"
bathyuroconger_vicinus,,,,,,,,taxonomy source=taxonomy-enriched
bembradium_magnoculum,,,,,,,,"taxonomy source=taxonomy-data, status=present"
bembrops_caudimacula,,,,,,,,"taxonomy source=taxonomy-data, status=present"
bembrops_platyrhynchus,,,,,,,,"taxonomy source=taxonomy-data, status=present"
benthesicymus_investigatoris,,,,,,,,"taxonomy source=taxonomy-data, status=present"
benthochascon_hemingi,Animalia,Arthropoda,Malacostraca,Decapoda,Geryonidae,Benthochascon,,"taxonomy source=taxonomy-data, status=present"
benthodytes_typica,,,,,,,,"taxonomy source=taxonomy-data, status=present"
benthosema_fibulatum,,,,,,,,"taxonomy source=taxonomy-data, status=present"
benthosema_pterotum,,,,,,,,"taxonomy source=taxonomy-data, status=present"
berthellina_delicata,Animalia,Mollusca,Gastropoda,Pleurobranchida,Pleurobranchidae,Berthellina,,"taxonomy source=taxonomy-data, status=present"
beryx_splendens,,,,,,,,taxonomy source=taxonomy-enriched
bolbolaimus,,,,,,,,"taxonomy source=taxonomy-data, status=present"
bolinichthys_indicus,,,,,,,,"taxonomy source=taxonomy-data, status=present"
bolinichthys_longipes,,,,,,,,"taxonomy source=taxonomy-data, status=present"
bolinichthys_nikolayi,,,,,,,,"taxonomy source=taxonomy-data, status=present"
bolinichthys_pyrsobolus,,,,,,,,"taxonomy source=taxonomy-data, status=present"
bolinichthys_supralateralis,,,,,,,,"taxonomy source=taxonomy-data, status=present"
borostomias_elucens,,,,,,,,"taxonomy source=taxonomy-data, status=present"
breviturma_brevipes,Animalia,Echinodermata,Ophiuroidea,Ophiacanthida,Ophiocomidae,Breviturma,,"taxonomy source=taxonomy-data, status=present"
breviturma_dentata,Animalia,Echinodermata,Ophiuroidea,Ophiacanthida,Ophiocomidae,Breviturma,,"taxonomy source=taxonomy-data, status=present"
breviturma_pica,Animalia,Echinodermata,Ophiuroidea,Ophiacanthida,Ophiocomidae,Breviturma,,"taxonomy source=taxonomy-data, status=present"
brisinga_insularum,,,,,,,,"taxonomy source=taxonomy-data, status=present"
brissopsis_luzonica,,,,,,,,"taxonomy source=taxonomy-data, status=present"
brissopsis_oldhami,,,,,,,,"taxonomy source=taxonomy-data, status=present"
bruciana_pediger,,,,,,,,"taxonomy source=taxonomy-data, status=present"
bufoceratias_shaoi,,,,,,,,"taxonomy source=taxonomy-data, status=present"
bufoceratias_thele,,,,,,,,"taxonomy source=taxonomy-data, status=present"
bulaceros_newcannorum,Animalia,Platyhelminthes,,Polycladida,Pseudocerotidae,Bulaceros,,"taxonomy source=taxonomy-data, status=present"
bulaceros_porcellanus,,,,,,,,"taxonomy source=taxonomy-data, status=present"
busquilla_plantei,,,,,,,,"taxonomy source=taxonomy-data, status=present"
calappa_bilineata,Animalia,Arthropoda,Malacostraca,Decapoda,Calappidae,Calappa,,"taxonomy source=taxonomy-data, status=present"
calappa_exanthematosa,,,,,,,,"taxonomy source=taxonomy-data, status=present"
calappa_gallus,Animalia,Arthropoda,Malacostraca,Decapoda,Calappidae,Calappa,,"taxonomy source=taxonomy-data, status=present"
calappa_guerini,,,,,,,,"taxonomy source=taxonomy-data, status=present"
calappa_philargius,,,,,,,,"taxonomy source=taxonomy-data, status=present"
capillaster_multiradiatus,,,,,,,,"taxonomy source=taxonomy-data, status=present"
capitella_capitata,,,,,,,,"taxonomy source=taxonomy-data, status=present"
carcinoplax_fasciata,,,,,,,,"taxonomy source=taxonomy-data, status=present"
carcinoplax_indica,Animalia,Arthropoda,Malacostraca,Decapoda,Goneplacidae,Carcinoplax,,"taxonomy source=taxonomy-data, status=present"
caulleriella_bioculata,,,,,,,,"taxonomy source=taxonomy-data, status=present"
caulleriella_capensis,,,,,,,,"taxonomy source=taxonomy-data, status=present"
caulleryaspis_laevis,,,,,,,,"taxonomy source=taxonomy-data, status=present"
cavoportunus_dubius,,,,,,,,"taxonomy source=taxonomy-data, status=present"
cenometra_bella,,,,,,,,"taxonomy source=taxonomy-data, status=present"
centrostephanus_nitidus,,,,,,,,"taxonomy source=taxonomy-data, status=present"
cephea_cephea,,,,,,,,"taxonomy source=taxonomy-data, status=present"
ceramaster_cuenoti,,,,,,,,"taxonomy source=taxonomy-data, status=present"
ceramonema,,,,,,,,"taxonomy source=taxonomy-data, status=present"
ceratias_uranoscopus,,,,,,,,"taxonomy source=taxonomy-data, status=present"
ceratoscopelus_warmingii,,,,,,,,"taxonomy source=taxonomy-data, status=present"
chaceon_alcocki,,,,,,,,"taxonomy source=taxonomy-data, status=present"
chaetodiadema_granulatum,,,,,,,,"taxonomy source=taxonomy-data, status=present"
chaetozone_setosa,,,,,,,,"taxonomy source=taxonomy-data, status=present"
charybdis_archias_hoplites,,,,,,,,"taxonomy source=taxonomy-data, status=present"
charybdis_archias_omanensis_septentrionalis,,,,,,,,"taxonomy source=taxonomy-data, status=present"
charybdis_archias_pusilla,,,,,,,,"taxonomy source=taxonomy-data, status=present"
charybdis_archias_smithii,Animalia,Arthropoda,Malacostraca,Decapoda,Portunidae,Charybdis,,"taxonomy source=taxonomy-data, status=present"
charybdis_charybdis_beauforti,,,,,,,,"taxonomy source=taxonomy-data, status=present"
charybdis_charybdis_miles,,,,,,,,"taxonomy source=taxonomy-data, status=present"
charybdis_charybdis_natator,,,,,,,,"taxonomy source=taxonomy-data, status=present"
charybdis_charybdis_riversandersoni,,,,,,,,"taxonomy source=taxonomy-data, status=present"
chascanopsetta_lugubris,,,,,,,,"taxonomy source=taxonomy-data, status=present"
chauliodus_pammelas,,,,,,,,"taxonomy source=taxonomy-data, status=present"
chauliodus_sloani,,,,,,,,"taxonomy source=taxonomy-data, status=present"
chaunax_apus,,,,,,,,"taxonomy source=taxonomy-data, status=present"
chaunax_multilepis,,,,,,,,"taxonomy source=taxonomy-data, status=present"
chaunax_penicillatus,,,,,,,,"taxonomy source=taxonomy-data, status=present"
chelidonura_hirundinina,,,,,,,,"taxonomy source=taxonomy-data, status=present"
chelidoperca_investigatoris,,,,,,,,"taxonomy source=taxonomy-data, status=present"
chimaera_jordani,,,,,,,,"taxonomy source=taxonomy-data, status=present"
chiroteuthis_picteti,,,,,,,,"taxonomy source=taxonomy-data, status=present"
chloeia_inermis,,,,,,,,"taxonomy source=taxonomy-data, status=present"
chlorophthalmus_actifrons,,,,,,,,taxonomy source=taxonomy-enriched
chlorophthalmus_acutifrons,,,,,,,,"taxonomy source=taxonomy-data, status=present"
chlorophthalmus_agassizi,,,,,,,,"taxonomy source=taxonomy-data, status=present"
chlorophthalmus_bicornis,,,,,,,,"taxonomy source=taxonomy-data, status=present"
chlorophthalmus_corniger,,,,,,,,"taxonomy source=taxonomy-data, status=present"
chlorophthalmus_nigromarginatus,,,,,,,,"taxonomy source=taxonomy-data, status=present"
chlorotocoides_spinicauda,,,,,,,,"taxonomy source=taxonomy-data, status=present"
chlorotocus_crassicornis,,,,,,,,"taxonomy source=taxonomy-data, status=present"
choanolaimus_psammophilus,,,,,,,,"taxonomy source=taxonomy-data, status=present"
chone_filicaudata,Animalia,Annelida,Polychaeta,Sabellida,Sabellidae,Chone,,"taxonomy source=taxonomy-data, status=present"
chone_letterstedti,Animalia,Annelida,Polychaeta,Sabellida,Sabellidae,Chone,,"taxonomy source=taxonomy-data, status=present"
chorinachus_dolichorhynchus,Animalia,Arthropoda,Malacostraca,Decapoda,Inachidae,Chorinachus,,"taxonomy source=taxonomy-data, status=present"
chorisquilla_andamanica,,,,,,,,"taxonomy source=taxonomy-data, status=present"
chromadorella,,,,,,,,"taxonomy source=taxonomy-data, status=present"
chrysopetalum_debile,Animalia,Annelida,Polychaeta,Phyllodocida,Chrysopetalidae,Chrysopetalum,,"taxonomy source=taxonomy-data, status=present"
chrysopetalum_maculatum,,,,,,,,"taxonomy source=taxonomy-data, status=present"
chrysopetalum_occidentale,,,,,,,,"taxonomy source=taxonomy-data, status=present"
chtenopteryx_sicula,,,,,,,,"taxonomy source=taxonomy-data, status=present"
cirratulus_africanus,,,,,,,,"taxonomy source=taxonomy-data, status=present"
cirrophorus_branchiatus,,,,,,,,"taxonomy source=taxonomy-data, status=present"
cistopus_indicus,,,,,,,,"taxonomy source=taxonomy-data, status=present"
cistopus_sp,,,,,,,,"taxonomy source=taxonomy-data, status=present"
cloridina_malaccensis,,,,,,,,"taxonomy source=taxonomy-data, status=present"
clypeaster_fervens,,,,,,,,"taxonomy source=taxonomy-data, status=present"
clypeaster_rarispinus,,,,,,,,"taxonomy source=taxonomy-data, status=present"
clypeaster_reticulatus,,,,,,,,"taxonomy source=taxonomy-data, status=present"
cnemidaster_zea,,,,,,,,"taxonomy source=taxonomy-data, status=present"
coelophrys_micropa,,,,,,,,"taxonomy source=taxonomy-data, status=present"
coelorinchus_smithi,,,,,,,,"taxonomy source=taxonomy-data, status=present"
colobometra_discolor,,,,,,,,"taxonomy source=taxonomy-data, status=present"
coloconger_raniceps,,,,,,,,taxonomy source=taxonomy-enriched
comanthus_parvicirrus,,,,,,,,"taxonomy source=taxonomy-data, status=present"
comanthus_wahlbergii,Animalia,Echinodermata,Crinoidea,Comatulida,Comatulidae,Comanthus,,"taxonomy source=taxonomy-data, status=present"
comaster_schlegelii,Animalia,Echinodermata,Crinoidea,Comatulida,Comatulidae,Comaster,,"taxonomy source=taxonomy-data, status=present"
comatella_stelligera,,,,,,,,"taxonomy source=taxonomy-data, status=present"
comatula_comatula_pectinata,,,,,,,,"taxonomy source=taxonomy-data, status=present"
coralliocaris_superba,Animalia,Arthropoda,Malacostraca,Decapoda,Palaemonidae,Coralliocaris,,"taxonomy source=taxonomy-data, status=present"
coryphaenoides_macrolophus,,,,,,,,"taxonomy source=taxonomy-data, status=present"
cossura_coasta,,,,,,,,"taxonomy source=taxonomy-data, status=present"
craspedometra_acuticirra,,,,,,,,"taxonomy source=taxonomy-data, status=present"
croconema,,,,,,,,"taxonomy source=taxonomy-data, status=present"
crocydocinus_saravananei,,,,,,,,"taxonomy source=taxonomy-data, status=present"
cryptopodia_collifer,,,,,,,,"taxonomy source=taxonomy-data, status=present"
cryptopodia_contracta,,,,,,,,"taxonomy source=taxonomy-data, status=present"
cryptopsaras_couesii,,,,,,,,"taxonomy source=taxonomy-data, status=present"
ctenodrilus_serratus,Animalia,Annelida,Polychaeta,Terebellida,Cirratulidae,Ctenodrilus,,"taxonomy source=taxonomy-data, status=present"
cubiceps_baxteri,,,,,,,,taxonomy source=taxonomy-enriched
culcita_schmideliana,Animalia,Echinodermata,Asteroidea,Valvatida,Oreasteridae,Culcita,,"taxonomy source=taxonomy-data, status=present"
cycloachelous_levigatus,,,,,,,,"taxonomy source=taxonomy-data, status=present"
cycloes_marisrubri,,,,,,,,"taxonomy source=taxonomy-data, status=present"
cynoglossus_attenuatus,,,,,,,,"taxonomy source=taxonomy-data, status=present"
cyrtocarcinus_truncatus,,,,,,,,"taxonomy source=taxonomy-data, status=present"
cyrtomaia_goodridgei,,,,,,,,"taxonomy source=taxonomy-data, status=present"
cyrtomaia_suhmii,,,,,,,,"taxonomy source=taxonomy-data, status=present"
cyttopsis_rosea,,,,,,,,"taxonomy source=taxonomy-data, status=present"
dairoides_seafdeci,,,,,,,,"taxonomy source=taxonomy-data, status=present"
dendrodoris_nigra,Animalia,Mollusca,Gastropoda,Doridida,Dendrodorididae,Dendrodoris,,"taxonomy source=taxonomy-data, status=present"
desmodema_polystictum,,,,,,,,"taxonomy source=taxonomy-data, status=present"
desmodora_masira,,,,,,,,"taxonomy source=taxonomy-data, status=present"
desmodorella_tenuispiculum,,,,,,,,"taxonomy source=taxonomy-data, status=present"
desmolaimus,,,,,,,,"taxonomy source=taxonomy-data, status=present"
desmolaimus_greenpatchi,,,,,,,,"taxonomy source=taxonomy-data, status=present"
diadema_savignyi,Animalia,Echinodermata,Echinoidea,Diadematoida,Diadematidae,Diadema,,"taxonomy source=taxonomy-data, status=present"
diaphus_adenomus,,,,,,,,"taxonomy source=taxonomy-data, status=present"
diaphus_aliciae,,,,,,,,"taxonomy source=taxonomy-data, status=present"
diaphus_antonbruuni,,,,,,,,"taxonomy source=taxonomy-data, status=present"
diaphus_arabicus,,,,,,,,"taxonomy source=taxonomy-data, status=present"
diaphus_brachycephalus,,,,,,,,"taxonomy source=taxonomy-data, status=present"
diaphus_coeruleus,,,,,,,,"taxonomy source=taxonomy-data, status=present"
diaphus_diadematus,,,,,,,,"taxonomy source=taxonomy-data, status=present"
diaphus_diademophilus,,,,,,,,"taxonomy source=taxonomy-data, status=present"
diaphus_effulgens,,,,,,,,"taxonomy source=taxonomy-data, status=present"
diaphus_fragilis,,,,,,,,"taxonomy source=taxonomy-data, status=present"
diaphus_fulgens,,,,,,,,"taxonomy source=taxonomy-data, status=present"
diaphus_garmani,,,,,,,,"taxonomy source=taxonomy-data, status=present"
diaphus_jenseni,,,,,,,,"taxonomy source=taxonomy-data, status=present"
diaphus_lobatus,,,,,,,,"taxonomy source=taxonomy-data, status=present"
diaphus_lucidus,,,,,,,,"taxonomy source=taxonomy-data, status=present"
diaphus_luetkeni,,,,,,,,"taxonomy source=taxonomy-data, status=present"
diaphus_mollis,,,,,,,,"taxonomy source=taxonomy-data, status=present"
diaphus_nielseni,,,,,,,,"taxonomy source=taxonomy-data, status=present"
diaphus_parri,,,,,,,,"taxonomy source=taxonomy-data, status=present"
diaphus_perspicillatus,,,,,,,,"taxonomy source=taxonomy-data, status=present"
diaphus_problematicus,,,,,,,,"taxonomy source=taxonomy-data, status=present"
diaphus_regani,,,,,,,,"taxonomy source=taxonomy-data, status=present"
diaphus_signatus,,,,,,,,"taxonomy source=taxonomy-data, status=present"
diaphus_similis,,,,,,,,"taxonomy source=taxonomy-data, status=present"
diaphus_sp,,,,,,,,"taxonomy source=taxonomy-data, status=present"
diaphus_splendidus,,,,,,,,"taxonomy source=taxonomy-data, status=present"
diaphus_taaningi,,,,,,,,"taxonomy source=taxonomy-data, status=present"
diaphus_theta,,,,,,,,"taxonomy source=taxonomy-data, status=present"
diaphus_thiollieri,,,,,,,,"taxonomy source=taxonomy-data, status=present"
diaphus_watasei,,,,,,,,"taxonomy source=taxonomy-data, status=present"
diceratias_trilobus,,,,,,,,"taxonomy source=taxonomy-data, status=present"
dichrometra_palmata,Animalia,Echinodermata,Crinoidea,Comatulida,Mariametridae,Dichrometra,,"taxonomy source=taxonomy-data, status=present"
dicranodromia_baffini,,,,,,,,"taxonomy source=taxonomy-data, status=present"
dicrolene_multifilis,,,,,,,,"taxonomy source=taxonomy-data, status=present"
dicrolene_tristis,,,,,,,,"taxonomy source=taxonomy-data, status=present"
dicrolene_vaillanti,,,,,,,,"taxonomy source=taxonomy-data, status=present"
dictenophiura_stellata,,,,,,,,"taxonomy source=taxonomy-data, status=present"
dictyaster_xenophilus,,,,,,,,"taxonomy source=taxonomy-data, status=present"
diniatys_dubia,,,,,,,,"taxonomy source=taxonomy-data, status=present"
diopatra_neapolitana_capensis,,,,,,,,"taxonomy source=taxonomy-data, status=present"
diplacanthopoma_brachysoma,,,,,,,,"taxonomy source=taxonomy-data, status=present"
diplocirrus_erythroporus,,,,,,,,"taxonomy source=taxonomy-data, status=present"
diplopeltoides_linkei,,,,,,,,"taxonomy source=taxonomy-data, status=present"
diplophos_taenia,,,,,,,,"taxonomy source=taxonomy-data, status=present"
diretmoides_veriginae,,,,,,,,"taxonomy source=taxonomy-data, status=present"
doclea_muricata,,,,,,,,"taxonomy source=taxonomy-data, status=present"
dolabrifera_dolabrifera,Animalia,Mollusca,Gastropoda,Aplysiida,Aplysiidae,Dolabrifera,,"taxonomy source=taxonomy-data, status=present"
dorippoides_nudipes,,,,,,,,"taxonomy source=taxonomy-data, status=present"
dorvillea,,,,,,,,"taxonomy source=taxonomy-data, status=present"
dorylaimopsis,,,,,,,,"taxonomy source=taxonomy-data, status=present"
dougaloplus_echinatus,,,,,,,,"taxonomy source=taxonomy-data, status=present"
draconema_japonicum,,,,,,,,"taxonomy source=taxonomy-data, status=present"
drieschia,,,,,,,,"taxonomy source=taxonomy-data, status=present"
drilonereis_falcata,,,,,,,,"taxonomy source=taxonomy-data, status=present"
ebalia_woodmasoni,Animalia,Arthropoda,Malacostraca,Decapoda,Leucosiidae,Ebalia,,"taxonomy source=taxonomy-data, status=present"
echinolampas_alexandri,,,,,,,,"taxonomy source=taxonomy-data, status=present"
echinometra_mathaei,Animalia,Echinodermata,Echinoidea,Camarodonta,Echinometridae,Echinometra,,"taxonomy source=taxonomy-data, status=present"
echinoneus_cyclostomus,,,,,,,,"taxonomy source=taxonomy-data, status=present"
echinothrix_calamaris,,,,,,,,"taxonomy source=taxonomy-data, status=present"
echinothrix_diadema,Animalia,Echinodermata,Echinoidea,Diadematoida,Diadematidae,Echinothrix,,"taxonomy source=taxonomy-data, status=present"
echiostoma_barbatum,,,,,,,,"taxonomy source=taxonomy-data, status=present"
ectreposebastes_imus,,,,,,,,"taxonomy source=taxonomy-data, status=present"
ehlersileanira_incisa,,,,,,,,"taxonomy source=taxonomy-data, status=present"
electrona_risso,,,,,,,,"taxonomy source=taxonomy-data, status=present"
encephaloides_armstrongi,,,,,,,,"taxonomy source=taxonomy-data, status=present"
endeolophos,,,,,,,,"taxonomy source=taxonomy-data, status=present"
engystenopus_palmipes,,,,,,,,"taxonomy source=taxonomy-data, status=present"
epinephelus_diacanthus,,,,,,,,"taxonomy source=taxonomy-data, status=present"
erythrocles_schlegelii,,,,,,,,"taxonomy source=taxonomy-data, status=present"
ethusa_andamanica,Animalia,Arthropoda,Malacostraca,Decapoda,Ethusidae,Ethusa,,"taxonomy source=taxonomy-data, status=present"
ethusina_gracilipes,,,,,,,,"taxonomy source=taxonomy-data, status=present"
euarche,,,,,,,,"taxonomy source=taxonomy-data, status=present"
eubostrichus_africanus,,,,,,,,"taxonomy source=taxonomy-data, status=present"
euchone_capensis,,,,,,,,"taxonomy source=taxonomy-data, status=present"
euchone_rosea,,,,,,,,"taxonomy source=taxonomy-data, status=present"
euclosiana_nitida,Animalia,Arthropoda,Malacostraca,Decapoda,Leucosiidae,Euclosiana,,"taxonomy source=taxonomy-data, status=present"
euclosiana_unidentata,Animalia,Arthropoda,Malacostraca,Decapoda,Leucosiidae,Euclosiana,,"taxonomy source=taxonomy-data, status=present"
euclymene,,,,,,,,"taxonomy source=taxonomy-data, status=present"
euclymene_luderitziana,,,,,,,,"taxonomy source=taxonomy-data, status=present"
euclymene_oerstedii,,,,,,,,"taxonomy source=taxonomy-data, status=present"
eudiocrinus_ornatus,,,,,,,,"taxonomy source=taxonomy-data, status=present"
eudraconema,,,,,,,,"taxonomy source=taxonomy-data, status=present"
eulalia_magalaensis,,,,,,,,"taxonomy source=taxonomy-data, status=present"
eumunida_multispina,,,,,,,,"taxonomy source=taxonomy-data, status=present"
eunice_filamentosa,,,,,,,,"taxonomy source=taxonomy-data, status=present"
eunice_indica,,,,,,,,"taxonomy source=taxonomy-data, status=present"
eunice_vittata,,,,,,,,"taxonomy source=taxonomy-data, status=present"
eupanthalis,,,,,,,,"taxonomy source=taxonomy-data, status=present"
eupasiphae_gilesii,,,,,,,,"taxonomy source=taxonomy-data, status=present"
eupasiphae_latirostris,,,,,,,,"taxonomy source=taxonomy-data, status=present"
euphrosine_myrtosa,,,,,,,,"taxonomy source=taxonomy-data, status=present"
euprymna_hyllebergi,,,,,,,,"taxonomy source=taxonomy-data, status=present"
euretaster_cribrosus,,,,,,,,"taxonomy source=taxonomy-data, status=present"
eurysyllis_tuberculata,,,,,,,,"taxonomy source=taxonomy-data, status=present"
eurythoe,,,,,,,,"taxonomy source=taxonomy-data, status=present"
eurythoe_matthaii,,,,,,,,"taxonomy source=taxonomy-data, status=present"
euthalenessa,,,,,,,,"taxonomy source=taxonomy-data, status=present"
euthalenessa_digitata,,,,,,,,"taxonomy source=taxonomy-data, status=present"
euthalenessa_festiva,,,,,,,,"taxonomy source=taxonomy-data, status=present"
exogone,,,,,,,,"taxonomy source=taxonomy-data, status=present"
exogone_heterosetosa,,,,,,,,"taxonomy source=taxonomy-data, status=present"
fimbriosthenelais,,,,,,,,"taxonomy source=taxonomy-data, status=present"
fromia_milleporella,Animalia,Echinodermata,Asteroidea,Valvatida,Goniasteridae,Fromia,,"taxonomy source=taxonomy-data, status=present"
fromia_monilis,,,,,,,,"taxonomy source=taxonomy-data, status=present"
galathea,,,,,,,,"taxonomy source=taxonomy-data, status=present"
galathea_nicobarica,,,,,,,,"taxonomy source=taxonomy-data, status=present"
galathea_quadrangularis,,,,,,,,"taxonomy source=taxonomy-data, status=present"
galathea_tirmiziae,,,,,,,,"taxonomy source=taxonomy-data, status=present"
gastroptychus_valdiviae,Animalia,Arthropoda,Malacostraca,Decapoda,Chirostylidae,Gastroptychus,,"taxonomy source=taxonomy-data, status=present"
gaudichaudius,,,,,,,,"taxonomy source=taxonomy-data, status=present"
gaudichaudius_cimex,,,,,,,,"taxonomy source=taxonomy-data, status=present"
gavialiceps_taeniola,,,,,,,,taxonomy source=taxonomy-enriched
gephyroberys_darwinii,,,,,,,,taxonomy source=taxonomy-enriched
gephyroberyx_darwinii,,,,,,,,"taxonomy source=taxonomy-data, status=present"
gibbularctus_gibberosus,Animalia,Arthropoda,Malacostraca,Decapoda,Scyllaridae,Gibbularctus,,"taxonomy source=taxonomy-data, status=present"
glycera_alba,,,,,,,,"taxonomy source=taxonomy-data, status=present"
glycera_benguellana,Animalia,Annelida,Polychaeta,Phyllodocida,Glyceridae,Glycera,,"taxonomy source=taxonomy-data, status=present"
glycera_lancadivae,Animalia,Annelida,Polychaeta,Phyllodocida,Glyceridae,Glycera,,"taxonomy source=taxonomy-data, status=present"
glycera_lapidum,,,,,,,,"taxonomy source=taxonomy-data, status=present"
glycera_natalensis,,,,,,,,"taxonomy source=taxonomy-data, status=present"
glycera_oxycephala,,,,,,,,"taxonomy source=taxonomy-data, status=present"
glycera_papillosa,,,,,,,,"taxonomy source=taxonomy-data, status=present"
glycera_subaenea,,,,,,,,"taxonomy source=taxonomy-data, status=present"
glycera_tesselata,Animalia,Annelida,Polychaeta,Phyllodocida,Glyceridae,Glycera,,"taxonomy source=taxonomy-data, status=present"
glycera_tridactyla,,,,,,,,"taxonomy source=taxonomy-data, status=present"
glycinde_capensis,,,,,,,,"taxonomy source=taxonomy-data, status=present"
glycinde_kameruniana,,,,,,,,"taxonomy source=taxonomy-data, status=present"
glyphocrangon_investigatoris,,,,,,,,"taxonomy source=taxonomy-data, status=present"
glyphocrangon_smithii,,,,,,,,"taxonomy source=taxonomy-data, status=present"
glyptometra_crassa,,,,,,,,"taxonomy source=taxonomy-data, status=present"
glyptophidium_oceanium,,,,,,,,"taxonomy source=taxonomy-data, status=present"
gomophia_egyptiaca,,,,,,,,"taxonomy source=taxonomy-data, status=present"
gomphionema,,,,,,,,"taxonomy source=taxonomy-data, status=present"
goniada_emerita,,,,,,,,"taxonomy source=taxonomy-data, status=present"
goniada_maculata,,,,,,,,"taxonomy source=taxonomy-data, status=present"
goniada_tridens,,,,,,,,"taxonomy source=taxonomy-data, status=present"
goniadides_carolinae,,,,,,,,"taxonomy source=taxonomy-data, status=present"
goniocidaris,,,,,,,,"taxonomy source=taxonomy-data, status=present"
goniodiscaster_forficulatus,,,,,,,,"taxonomy source=taxonomy-data, status=present"
goniosupradens_acutifrons,,,,,,,,"taxonomy source=taxonomy-data, status=present"
gonodactylopsis_drepanophora,,,,,,,,"taxonomy source=taxonomy-data, status=present"
gordonopsis_robusta,,,,,,,,"taxonomy source=taxonomy-data, status=present"
grammatostomias_dentatus,,,,,,,,"taxonomy source=taxonomy-data, status=present"
grammoplites_suppositus,,,,,,,,taxonomy source=taxonomy-enriched
grimothea_krishaha,,,,,,,,"taxonomy source=taxonomy-data, status=present"
grimothea_sp,,,,,,,,"taxonomy source=taxonomy-data, status=present"
guyanacaris_keralam,Animalia,Arthropoda,Malacostraca,Decapoda,Axiidae,Guyanacaris,,"taxonomy source=taxonomy-data, status=present"
gymnothorax_smithi,,,,,,,,"taxonomy source=taxonomy-data, status=present"
halalaimus,,,,,,,,"taxonomy source=taxonomy-data, status=present"
halalaimus_abyssus,,,,,,,,"taxonomy source=taxonomy-data, status=present"
halanonchus,,,,,,,,"taxonomy source=taxonomy-data, status=present"
halgerda_tessellata,Animalia,Mollusca,Gastropoda,Doridida,Discodorididae,Halgerda,,"taxonomy source=taxonomy-data, status=present"
halicmetus_ruber,,,,,,,,"taxonomy source=taxonomy-data, status=present"
halieutaea_coccinea,,,,,,,,"taxonomy source=taxonomy-data, status=present"
halieutaea_indica,,,,,,,,"taxonomy source=taxonomy-data, status=present"
halieutaea_stellata,,,,,,,,"taxonomy source=taxonomy-data, status=present"
halieutopsis_stellifera,,,,,,,,"taxonomy source=taxonomy-data, status=present"
halimochirurgus_centriscoides,,,,,,,,"taxonomy source=taxonomy-data, status=present"
haliporus_taprobanensis,,,,,,,,"taxonomy source=taxonomy-data, status=present"
halosaurus_carinicauda,,,,,,,,"taxonomy source=taxonomy-data, status=present"
halosydna,,,,,,,,"taxonomy source=taxonomy-data, status=present"
haplosyllis_spongicola,,,,,,,,"taxonomy source=taxonomy-data, status=present"
haptosquilla_tuberosa,,,,,,,,"taxonomy source=taxonomy-data, status=present"
harmothoe,,,,,,,,"taxonomy source=taxonomy-data, status=present"
harmothoe_antilopes,,,,,,,,"taxonomy source=taxonomy-data, status=present"
harpadon_nehereus,,,,,,,,"taxonomy source=taxonomy-data, status=present"
harpadon_squamosus,,,,,,,,"taxonomy source=taxonomy-data, status=present"
harpiliopsis_depressa,,,,,,,,"taxonomy source=taxonomy-data, status=present"
harpiosquilla_harpax,,,,,,,,"taxonomy source=taxonomy-data, status=present"
hartmanipsammolyce,,,,,,,,"taxonomy source=taxonomy-data, status=present"
heminodus_philippinus,,,,,,,,"taxonomy source=taxonomy-data, status=present"
henricia_praestans,,,,,,,,"taxonomy source=taxonomy-data, status=present"
hermenia,,,,,,,,"taxonomy source=taxonomy-data, status=present"
heterocarpus_chani,,,,,,,,"taxonomy source=taxonomy-data, status=present"
heterocarpus_dorsalis,,,,,,,,"taxonomy source=taxonomy-data, status=present"
heterocarpus_sibogae,,,,,,,,"taxonomy source=taxonomy-data, status=present"
heterocarpus_woodmasoni,,,,,,,,"taxonomy source=taxonomy-data, status=present"
heterocentrotus_mamillatus,,,,,,,,"taxonomy source=taxonomy-data, status=present"
heteromastus_filiformis,,,,,,,,"taxonomy source=taxonomy-data, status=present"
heterometra,,,,,,,,"taxonomy source=taxonomy-data, status=present"
heteronardoa_carinata,,,,,,,,"taxonomy source=taxonomy-data, status=present"
heterophotus_ophistoma,,,,,,,,"taxonomy source=taxonomy-data, status=present"
heteropriacanthus_cruentatus,,,,,,,,"taxonomy source=taxonomy-data, status=present"
himantolophus_kalami,,,,,,,,"taxonomy source=taxonomy-data, status=present"
himerometra_robustipinna,Animalia,Echinodermata,Crinoidea,Comatulida,Himerometridae,Himerometra,,"taxonomy source=taxonomy-data, status=present"
histampica_duplicata,,,,,,,,"taxonomy source=taxonomy-data, status=present"
histioteuthis_meleagroteuthis,,,,,,,,"taxonomy source=taxonomy-data, status=present"
histioteuthis_miranda,,,,,,,,"taxonomy source=taxonomy-data, status=present"
histioteuthis_reversa,,,,,,,,"taxonomy source=taxonomy-data, status=present"
histioteuthis_sp,,,,,,,,"taxonomy source=taxonomy-data, status=present"
histocidaris_denticulata,,,,,,,,"taxonomy source=taxonomy-data, status=present"
holothuria_stauropora_fuscocineria,,,,,,,,"taxonomy source=taxonomy-data, status=present"
holtbyrnia_cyanocephala,,,,,,,,"taxonomy source=taxonomy-data, status=present"
homolax_megalops,Animalia,Arthropoda,Malacostraca,Decapoda,Homolidae,Homolax,,"taxonomy source=taxonomy-data, status=present"
homolochunia_valdiviae,,,,,,,,"taxonomy source=taxonomy-data, status=present"
homolodromia_rajeevani,,,,,,,,"taxonomy source=taxonomy-data, status=present"
hoplostethus_melanopus,,,,,,,,taxonomy source=taxonomy-enriched
hoplostethus_rubellopterus,,,,,,,,taxonomy source=taxonomy-enriched
howella_brodiei,,,,,,,,"taxonomy source=taxonomy-data, status=present"
hyalinoecia_tubicola,,,,,,,,"taxonomy source=taxonomy-data, status=present"
hydrolagus_mirabilis,,,,,,,,"taxonomy source=taxonomy-data, status=present"
hygophum_hanseni,,,,,,,,"taxonomy source=taxonomy-data, status=present"
hygophum_proximum,,,,,,,,"taxonomy source=taxonomy-data, status=present"
hymenocera_picta,,,,,,,,"taxonomy source=taxonomy-data, status=present"
hymenopenaeus_equalis,,,,,,,,"taxonomy source=taxonomy-data, status=present"
hyperietta_stephenseni,,,,,,,,"taxonomy source=taxonomy-data, status=present"
hypocolpus,,,,,,,,"taxonomy source=taxonomy-data, status=present"
hypopleuron_caninum,,,,,,,,"taxonomy source=taxonomy-data, status=present"
ichthyococcus_parini,,,,,,,,"taxonomy source=taxonomy-data, status=present"
idiacanthus_fasciola,,,,,,,,"taxonomy source=taxonomy-data, status=present"
innocuonema,,,,,,,,"taxonomy source=taxonomy-data, status=present"
intesius_brevipes,,,,,,,,"taxonomy source=taxonomy-data, status=present"
iphione_muricata,,,,,,,,"taxonomy source=taxonomy-data, status=present"
iphione_ovata,Animalia,Annelida,Polychaeta,Phyllodocida,Iphionidae,Iphione,,"taxonomy source=taxonomy-data, status=present"
japetella_diaphana,,,,,,,,"taxonomy source=taxonomy-data, status=present"
jasmineira_elegans,,,,,,,,"taxonomy source=taxonomy-data, status=present"
johannaster_superbus,,,,,,,,"taxonomy source=taxonomy-data, status=present"
jonas,,,,,,,,"taxonomy source=taxonomy-data, status=present"
jorunna_funebris,,,,,,,,"taxonomy source=taxonomy-data, status=present"
kasagia_sudhakari,Animalia,Arthropoda,Malacostraca,Decapoda,Majidae,Kasagia,,"taxonomy source=taxonomy-data, status=present"
kirkegaardia_annulosa,,,,,,,,"taxonomy source=taxonomy-data, status=present"
kirkegaardia_dorsobranchialis,,,,,,,,"taxonomy source=taxonomy-data, status=present"
kuwaita_heteropoda,,,,,,,,"taxonomy source=taxonomy-data, status=present"
laetmonice,,,,,,,,"taxonomy source=taxonomy-data, status=present"
laimella_longicauda,,,,,,,,"taxonomy source=taxonomy-data, status=present"
lampadena_anomala,,,,,,,,"taxonomy source=taxonomy-data, status=present"
lampadena_luminosa,,,,,,,,"taxonomy source=taxonomy-data, status=present"
lampadena_urophaos,,,,,,,,"taxonomy source=taxonomy-data, status=present"
lampanyctus_crocodilus,,,,,,,,"taxonomy source=taxonomy-data, status=present"
lampanyctus_festivus,,,,,,,,"taxonomy source=taxonomy-data, status=present"
lampanyctus_intricarius,,,,,,,,"taxonomy source=taxonomy-data, status=present"
lampanyctus_macdonaldi,,,,,,,,"taxonomy source=taxonomy-data, status=present"
lampanyctus_nobilis,,,,,,,,"taxonomy source=taxonomy-data, status=present"
lampanyctus_photonotus,,,,,,,,"taxonomy source=taxonomy-data, status=present"
lampanyctus_tenuiformis,,,,,,,,"taxonomy source=taxonomy-data, status=present"
lampanyctus_turneri,,,,,,,,"taxonomy source=taxonomy-data, status=present"
lamprogrammus_fragilis,,,,,,,,"taxonomy source=taxonomy-data, status=present"
lamprogrammus_niger,,,,,,,,taxonomy source=taxonomy-enriched
laonice_cirrata,Animalia,Annelida,Polychaeta,Spionida,Spionidae,Laonice,,"taxonomy source=taxonomy-data, status=present"
latronema_whataiai,,,,,,,,"taxonomy source=taxonomy-data, status=present"
lauridromia_dehaani,,,,,,,,"taxonomy source=taxonomy-data, status=present"
leanira,,,,,,,,"taxonomy source=taxonomy-data, status=present"
leiochrides_africanus,,,,,,,,"taxonomy source=taxonomy-data, status=present"
leiogalathea_sp,,,,,,,,"taxonomy source=taxonomy-data, status=present"
leitoscoloplos_kerguelensis,,,,,,,,"taxonomy source=taxonomy-data, status=present"
lenisquilla_gilesi,,,,,,,,"taxonomy source=taxonomy-data, status=present"
leocrates_claparedii,,,,,,,,"taxonomy source=taxonomy-data, status=present"
leodamas_johnstonei,,,,,,,,"taxonomy source=taxonomy-data, status=present"
leodamas_latum,,,,,,,,"taxonomy source=taxonomy-data, status=present"
lepidonotus,,,,,,,,"taxonomy source=taxonomy-data, status=present"
lepidonotus_cristatus,Animalia,Annelida,Polychaeta,Phyllodocida,Polynoidae,Lepidonotus,,"taxonomy source=taxonomy-data, status=present"
leptolaimus,,,,,,,,"taxonomy source=taxonomy-data, status=present"
leptonida_vigiliarum,,,,,,,,"taxonomy source=taxonomy-data, status=present"
leptopentacta_imbricata,,,,,,,,"taxonomy source=taxonomy-data, status=present"
levinsenia_oculata,,,,,,,,"taxonomy source=taxonomy-data, status=present"
linckia_guildingi,Animalia,Echinodermata,Asteroidea,Valvatida,Ophidiasteridae,Linckia,,"taxonomy source=taxonomy-data, status=present"
linckia_laevigata,Animalia,Echinodermata,Asteroidea,Valvatida,Ophidiasteridae,Linckia,,"taxonomy source=taxonomy-data, status=present"
linopherus_microcephala,,,,,,,,"taxonomy source=taxonomy-data, status=present"
linopherus_paucibranchiata,,,,,,,,"taxonomy source=taxonomy-data, status=present"
linuparus_somniosus,Animalia,Arthropoda,Malacostraca,Decapoda,Palinuridae,Linuparus,,"taxonomy source=taxonomy-data, status=present"
liocranchia_reinhardtii,,,,,,,,"taxonomy source=taxonomy-data, status=present"
liomera_monticulosa,,,,,,,,"taxonomy source=taxonomy-data, status=present"
lissocarcinus_laevis,,,,,,,,"taxonomy source=taxonomy-data, status=present"
lithosoma_pentaphylla,,,,,,,,"taxonomy source=taxonomy-data, status=present"
loimia_medusa,,,,,,,,"taxonomy source=taxonomy-data, status=present"
lophiodes_gracilimanus,,,,,,,,"taxonomy source=taxonomy-data, status=present"
lophiodes_mutilus,,,,,,,,"taxonomy source=taxonomy-data, status=present"
lophiodes_triradiatus,,,,,,,,"taxonomy source=taxonomy-data, status=present"
lophiomus_setigerus,,,,,,,,"taxonomy source=taxonomy-data, status=present"
lophoides_lugubris,,,,,,,,"taxonomy source=taxonomy-data, status=present"
lophozozymus_dodone,,,,,,,,"taxonomy source=taxonomy-data, status=present"
lovenia_elongata,,,,,,,,"taxonomy source=taxonomy-data, status=present"
luidia,,,,,,,,"taxonomy source=taxonomy-data, status=present"
luidia_denudata,,,,,,,,"taxonomy source=taxonomy-data, status=present"
luidia_hardwicki,,,,,,,,"taxonomy source=taxonomy-data, status=present"
luidia_maculata,,,,,,,,"taxonomy source=taxonomy-data, status=present"
lumbriclymene_cylindricauda,,,,,,,,"taxonomy source=taxonomy-data, status=present"
lumbrineris_latreilli,Animalia,Annelida,Polychaeta,Eunicida,Lumbrineridae,Lumbrineris,,"taxonomy source=taxonomy-data, status=present"
lumbrineris_meteorana,Animalia,Annelida,Polychaeta,Eunicida,Lumbrineridae,Lumbrineris,,"taxonomy source=taxonomy-data, status=present"
lupocyclus_strigosus,,,,,,,,"taxonomy source=taxonomy-data, status=present"
lupocyclus_tugelae,,,,,,,,"taxonomy source=taxonomy-data, status=present"
lyphira_perplexa,,,,,,,,"taxonomy source=taxonomy-data, status=present"
lysidice_unicornis,Animalia,Annelida,Polychaeta,Eunicida,Eunicidae,Lysidice,,"taxonomy source=taxonomy-data, status=present"
lysirude_channeri,,,,,,,,"taxonomy source=taxonomy-data, status=present"
macrocephenchelys_brevirostris,,,,,,,,"taxonomy source=taxonomy-data, status=present"
macrophiothrix_demessa,Animalia,Echinodermata,Ophiuroidea,Amphilepidida,Ophiotrichidae,Macrophiothrix,,"taxonomy source=taxonomy-data, status=present"
macrophiothrix_longipeda,Animalia,Echinodermata,Ophiuroidea,Amphilepidida,Ophiotrichidae,Macrophiothrix,,"taxonomy source=taxonomy-data, status=present"
macrophiothrix_nereidina,,,,,,,,"taxonomy source=taxonomy-data, status=present"
macrophiothrix_propinqua,,,,,,,,"taxonomy source=taxonomy-data, status=present"
macrophiothrix_speciosa,Animalia,Echinodermata,Ophiuroidea,Amphilepidida,Ophiotrichidae,Macrophiothrix,,"taxonomy source=taxonomy-data, status=present"
macrorhamphosodes_platycheilus,,,,,,,,"taxonomy source=taxonomy-data, status=present"
magelona_cepiceps,,,,,,,,"taxonomy source=taxonomy-data, status=present"
magelona_cincta,,,,,,,,"taxonomy source=taxonomy-data, status=present"
magelona_crenulifrons,,,,,,,,"taxonomy source=taxonomy-data, status=present"
magelona_mahensis,,,,,,,,"taxonomy source=taxonomy-data, status=present"
magelona_minuta,,,,,,,,"taxonomy source=taxonomy-data, status=present"
magelona_papillicornis,,,,,,,,"taxonomy source=taxonomy-data, status=present"
malacoceros_indicus,,,,,,,,"taxonomy source=taxonomy-data, status=present"
maldanella_capensis,,,,,,,,"taxonomy source=taxonomy-data, status=present"
malmgreniella,,,,,,,,"taxonomy source=taxonomy-data, status=present"
malthopsis_lutea,,,,,,,,"taxonomy source=taxonomy-data, status=present"
manducus_greyae,,,,,,,,"taxonomy source=taxonomy-data, status=present"
maretia_planulata,,,,,,,,"taxonomy source=taxonomy-data, status=present"
margrethia_obtusirostra,,,,,,,,"taxonomy source=taxonomy-data, status=present"
marphysa_sanguinea,,,,,,,,"taxonomy source=taxonomy-data, status=present"
marylynnia,,,,,,,,"taxonomy source=taxonomy-data, status=present"
mediaster,,,,,,,,"taxonomy source=taxonomy-data, status=present"
mediaster_ornatus,,,,,,,,"taxonomy source=taxonomy-data, status=present"
mediomastus,,,,,,,,"taxonomy source=taxonomy-data, status=present"
mediomastus_capensis,,,,,,,,"taxonomy source=taxonomy-data, status=present"
megalocranchia_abyssicola,,,,,,,,"taxonomy source=taxonomy-data, status=present"
melanostomias_melanops,,,,,,,,"taxonomy source=taxonomy-data, status=present"
melanostomias_valdiviae,,,,,,,,"taxonomy source=taxonomy-data, status=present"
mephisto_fraserbrunneri,,,,,,,,"taxonomy source=taxonomy-data, status=present"
metacomesoma,,,,,,,,"taxonomy source=taxonomy-data, status=present"
metadasynemella,,,,,,,,"taxonomy source=taxonomy-data, status=present"
metanephrops_andamanicus,Animalia,Arthropoda,Malacostraca,Decapoda,Nephropidae,Metanephrops,,"taxonomy source=taxonomy-data, status=present"
metapenaeopsis_aegyptia,,,,,,,,"taxonomy source=taxonomy-data, status=present"
metapenaeopsis_barbata,,,,,,,,"taxonomy source=taxonomy-data, status=present"
metapenaeopsis_coniger,,,,,,,,"taxonomy source=taxonomy-data, status=present"
metapenaeopsis_difficilis,,,,,,,,"taxonomy source=taxonomy-data, status=present"
metapenaeopsis_gallensis,,,,,,,,"taxonomy source=taxonomy-data, status=present"
metapenaeopsis_hilarula,,,,,,,,"taxonomy source=taxonomy-data, status=present"
metapenaeopsis_stridulans,,,,,,,,"taxonomy source=taxonomy-data, status=present"
metapenaeus_monoceros,,,,,,,,"taxonomy source=taxonomy-data, status=present"
metrodira_subulata,,,,,,,,"taxonomy source=taxonomy-data, status=present"
microlaimus,,,,,,,,"taxonomy source=taxonomy-data, status=present"
microlaimus_discolensis,,,,,,,,"taxonomy source=taxonomy-data, status=present"
micronephthys_sphaerocirrata,,,,,,,,"taxonomy source=taxonomy-data, status=present"
micropodarke_dubia,,,,,,,,"taxonomy source=taxonomy-data, status=present"
milteliphaster_woodmasoni,,,,,,,,"taxonomy source=taxonomy-data, status=present"
mithrodia_clavigera,,,,,,,,"taxonomy source=taxonomy-data, status=present"
miyakella_nepa,,,,,,,,"taxonomy source=taxonomy-data, status=present"
molgolaimus_abyssorum,,,,,,,,"taxonomy source=taxonomy-data, status=present"
molpadia_concolor,,,,,,,,"taxonomy source=taxonomy-data, status=present"
molpadia_musculus,,,,,,,,"taxonomy source=taxonomy-data, status=present"
monomia,,,,,,,,"taxonomy source=taxonomy-data, status=present"
monomia_argentata_argentata,,,,,,,,"taxonomy source=taxonomy-data, status=present"
monomia_gladiator,,,,,,,,"taxonomy source=taxonomy-data, status=present"
monomia_petrea,,,,,,,,"taxonomy source=taxonomy-data, status=present"
monomia_rubromarginata,,,,,,,,"taxonomy source=taxonomy-data, status=present"
monomitopus_conjugator,,,,,,,,"taxonomy source=taxonomy-data, status=present"
monomitopus_nigripinnis,,,,,,,,"taxonomy source=taxonomy-data, status=present"
morlaixia_contusa,,,,,,,,"taxonomy source=taxonomy-data, status=present"
munida_andamanica,Animalia,Arthropoda,Malacostraca,Decapoda,Munididae,Munida,,"taxonomy source=taxonomy-data, status=present"
munida_sp,,,,,,,,"taxonomy source=taxonomy-data, status=present"
munidopsis_bengala,Animalia,Arthropoda,Malacostraca,Decapoda,Munidopsidae,Munidopsis,,"taxonomy source=taxonomy-data, status=present"
munidopsis_bhavasagara,,,,,,,,"taxonomy source=taxonomy-data, status=present"
munidopsis_dasypus,,,,,,,,"taxonomy source=taxonomy-data, status=present"
munidopsis_kadal,,,,,,,,"taxonomy source=taxonomy-data, status=present"
munidopsis_levis,Animalia,Arthropoda,Malacostraca,Decapoda,Munidopsidae,Munidopsis,,"taxonomy source=taxonomy-data, status=present"
munidopsis_regia,Animalia,Arthropoda,Malacostraca,Decapoda,Munidopsidae,Munidopsis,,"taxonomy source=taxonomy-data, status=present"
munidopsis_scobina,Animalia,Arthropoda,Malacostraca,Decapoda,Munidopsidae,Munidopsis,,"taxonomy source=taxonomy-data, status=present"
munidopsis_stylirostris,Animalia,Arthropoda,Malacostraca,Decapoda,Munidopsidae,Munidopsis,,"taxonomy source=taxonomy-data, status=present"
munidopsis_trifida,Animalia,Arthropoda,Malacostraca,Decapoda,Munidopsidae,Munidopsis,,"taxonomy source=taxonomy-data, status=present"
munidopsis_unguifera,Animalia,Arthropoda,Malacostraca,Decapoda,Munidopsidae,Munidopsis,,"taxonomy source=taxonomy-data, status=present"
munidopsis_wardeni,Animalia,Arthropoda,Malacostraca,Decapoda,Munidopsidae,Munidopsis,,"taxonomy source=taxonomy-data, status=present"
mursia_bicristimana,,,,,,,,"taxonomy source=taxonomy-data, status=present"
mustelus_manazo,,,,,,,,"taxonomy source=taxonomy-data, status=present"
myctophum_asperum,,,,,,,,"taxonomy source=taxonomy-data, status=present"
myctophum_aurolaternatum,,,,,,,,"taxonomy source=taxonomy-data, status=present"
myctophum_nitidulum,,,,,,,,"taxonomy source=taxonomy-data, status=present"
myctophum_obtusirostre,,,,,,,,"taxonomy source=taxonomy-data, status=present"
myctophum_sp,,,,,,,,"taxonomy source=taxonomy-data, status=present"
myctophum_spinosum,,,,,,,,"taxonomy source=taxonomy-data, status=present"
myra,,,,,,,,"taxonomy source=taxonomy-data, status=present"
myra_brevimana,Animalia,Arthropoda,Malacostraca,Decapoda,Leucosiidae,Myra,,"taxonomy source=taxonomy-data, status=present"
myra_fugax,,,,,,,,"taxonomy source=taxonomy-data, status=present"
myrine_kesslerii,,,,,,,,"taxonomy source=taxonomy-data, status=present"
mysta_siphodonta,,,,,,,,"taxonomy source=taxonomy-data, status=present"
nacospatangus_altus,,,,,,,,"taxonomy source=taxonomy-data, status=present"
naineris_setosa,Animalia,Annelida,Polychaeta,,Orbiniidae,Naineris,,"taxonomy source=taxonomy-data, status=present"
namanereis,,,,,,,,"taxonomy source=taxonomy-data, status=present"
nannobrachium_achirus,,,,,,,,"taxonomy source=taxonomy-data, status=present"
nannobrachium_atrum,,,,,,,,"taxonomy source=taxonomy-data, status=present"
narcetes_stomias,,,,,,,,taxonomy source=taxonomy-enriched
nardoa,,,,,,,,"taxonomy source=taxonomy-data, status=present"
nardoa_frianti,,,,,,,,"taxonomy source=taxonomy-data, status=present"
nardoa_galathea,,,,,,,,"taxonomy source=taxonomy-data, status=present"
nectopanope_rhodobaphes,,,,,,,,"taxonomy source=taxonomy-data, status=present"
neenchelys_sp,,,,,,,,"taxonomy source=taxonomy-data, status=present"
nematocarcinus,,,,,,,,"taxonomy source=taxonomy-data, status=present"
nematocarcinus_bituberculatus,,,,,,,,"taxonomy source=taxonomy-data, status=present"
nemichthys_scolopaceus,,,,,,,,"taxonomy source=taxonomy-data, status=present"
nemipterus_japonicus,,,,,,,,taxonomy source=taxonomy-enriched
neobythites_multistriatus,,,,,,,,"taxonomy source=taxonomy-data, status=present"
neoepinnula_orientalis,,,,,,,,"taxonomy source=taxonomy-data, status=present"
neoferdina,,,,,,,,"taxonomy source=taxonomy-data, status=present"
neoferdina_offreti,,,,,,,,"taxonomy source=taxonomy-data, status=present"
neolithodes_indicus,,,,,,,,"taxonomy source=taxonomy-data, status=present"
neonesthes_capensis,,,,,,,,"taxonomy source=taxonomy-data, status=present"
neopalicus_contractus,,,,,,,,"taxonomy source=taxonomy-data, status=present"
neoscopelus_microchir,,,,,,,,"taxonomy source=taxonomy-data, status=present"
nephasoma_cutlerensis_rutilofuscum,,,,,,,,"taxonomy source=taxonomy-data, status=present"
nephropsis,,,,,,,,"taxonomy source=taxonomy-data, status=present"
nephropsis_carpenteri,Animalia,Arthropoda,Malacostraca,Decapoda,Nephropidae,Nephropsis,,"taxonomy source=taxonomy-data, status=present"
nephropsis_ensirostris,Animalia,Arthropoda,Malacostraca,Decapoda,Nephropidae,Nephropsis,,"taxonomy source=taxonomy-data, status=present"
nephropsis_rahayuae,Animalia,Arthropoda,Malacostraca,Decapoda,Nephropidae,Nephropsis,,"taxonomy source=taxonomy-data, status=present"
nephropsis_stewarti,Animalia,Arthropoda,Malacostraca,Decapoda,Nephropidae,Nephropsis,,"taxonomy source=taxonomy-data, status=present"
nephropsis_sulcata,Animalia,Arthropoda,Malacostraca,Decapoda,Nephropidae,Nephropsis,,"taxonomy source=taxonomy-data, status=present"
nereis_jacksoni,,,,,,,,"taxonomy source=taxonomy-data, status=present"
nettastoma_solitarium,,,,,,,,"taxonomy source=taxonomy-data, status=present"
nezumia_proxima,,,,,,,,"taxonomy source=taxonomy-data, status=present"
nezumia_semiquincunciata,,,,,,,,"taxonomy source=taxonomy-data, status=present"
ninoe_lagosiana,,,,,,,,"taxonomy source=taxonomy-data, status=present"
notacanthus_indicus,,,,,,,,"taxonomy source=taxonomy-data, status=present"
notaulax_phaeotaenia,,,,,,,,"taxonomy source=taxonomy-data, status=present"
nothria_conchylega,,,,,,,,"taxonomy source=taxonomy-data, status=present"
notomastus_aberans,Animalia,Annelida,Polychaeta,,Capitellidae,Notomastus,,"taxonomy source=taxonomy-data, status=present"
notomastus_latericeus,,,,,,,,"taxonomy source=taxonomy-data, status=present"
notosceles_serratifrons,,,,,,,,"taxonomy source=taxonomy-data, status=present"
novafabricia,,,,,,,,"taxonomy source=taxonomy-data, status=present"
nursilia_dentata,,,,,,,,"taxonomy source=taxonomy-data, status=present"
nymphaster_moebii,,,,,,,,"taxonomy source=taxonomy-data, status=present"
ochetostoma_septemyotum,,,,,,,,"taxonomy source=taxonomy-data, status=present"
octopoteuthis_sp,,,,,,,,"taxonomy source=taxonomy-data, status=present"
octopus_sp,,,,,,,,"taxonomy source=taxonomy-data, status=present"
odontodactylus_latirostris,,,,,,,,"taxonomy source=taxonomy-data, status=present"
onchnesoma_steenstrupii_steenstrupii,,,,,,,,"taxonomy source=taxonomy-data, status=present"
oncinopus_angustifrons,,,,,,,,"taxonomy source=taxonomy-data, status=present"
oncinopus_neptunus,,,,,,,,"taxonomy source=taxonomy-data, status=present"
oneirodes_sanjeevani,,,,,,,,"taxonomy source=taxonomy-data, status=present"
onuphis_eremita,,,,,,,,"taxonomy source=taxonomy-data, status=present"
onuphis_geophiliformis,,,,,,,,"taxonomy source=taxonomy-data, status=present"
onuphis_holobranchiata,Animalia,Annelida,Polychaeta,Eunicida,Onuphidae,Onuphis,,"taxonomy source=taxonomy-data, status=present"
onychoteuthis_banksii,,,,,,,,"taxonomy source=taxonomy-data, status=present"
ophelia_agulhana,,,,,,,,"taxonomy source=taxonomy-data, status=present"
ophelia_roscoffensis,,,,,,,,"taxonomy source=taxonomy-data, status=present"
ophelina_acuminata,,,,,,,,"taxonomy source=taxonomy-data, status=present"
ophiacantha_dallasii,,,,,,,,"taxonomy source=taxonomy-data, status=present"
ophiacantha_indica,,,,,,,,"taxonomy source=taxonomy-data, status=present"
ophiactis,,,,,,,,"taxonomy source=taxonomy-data, status=present"
ophiactis_macrolepidota,,,,,,,,"taxonomy source=taxonomy-data, status=present"
ophiactis_savignyi,,,,,,,,"taxonomy source=taxonomy-data, status=present"
ophialcaea_tuberculosa,,,,,,,,"taxonomy source=taxonomy-data, status=present"
ophiarachnella_gorgonia,,,,,,,,"taxonomy source=taxonomy-data, status=present"
ophiarachnella_infernalis,,,,,,,,"taxonomy source=taxonomy-data, status=present"
ophiarachnella_septimspinosa,,,,,,,,"taxonomy source=taxonomy-data, status=present"
ophichthus_mccoskeri,,,,,,,,"taxonomy source=taxonomy-data, status=present"
ophichthus_urolophus,,,,,,,,"taxonomy source=taxonomy-data, status=present"
ophidiaster,,,,,,,,"taxonomy source=taxonomy-data, status=present"
ophiernus_adspersus_adspersus,,,,,,,,"taxonomy source=taxonomy-data, status=present"
ophiocentrus_dilatata,,,,,,,,"taxonomy source=taxonomy-data, status=present"
ophiocentrus_verticillatus,,,,,,,,"taxonomy source=taxonomy-data, status=present"
ophiochiton_ambulator,,,,,,,,"taxonomy source=taxonomy-data, status=present"
ophiocnemis_marmorata,,,,,,,,"taxonomy source=taxonomy-data, status=present"
ophiocoma_cynthiae,,,,,,,,"taxonomy source=taxonomy-data, status=present"
ophioconis_cupida,,,,,,,,"taxonomy source=taxonomy-data, status=present"
ophiocreas_sibogae,,,,,,,,"taxonomy source=taxonomy-data, status=present"
ophiodaphne_scripta,,,,,,,,"taxonomy source=taxonomy-data, status=present"
ophioglycera_longicirrata,,,,,,,,"taxonomy source=taxonomy-data, status=present"
ophiogymna_elegans,,,,,,,,"taxonomy source=taxonomy-data, status=present"
ophiogymna_pellicula,,,,,,,,"taxonomy source=taxonomy-data, status=present"
ophiolepis_rugosa,,,,,,,,"taxonomy source=taxonomy-data, status=present"
ophioleuce_seminudum,,,,,,,,"taxonomy source=taxonomy-data, status=present"
ophiolipus_granulatus,,,,,,,,"taxonomy source=taxonomy-data, status=present"
ophiomastix_elegans,Animalia,Echinodermata,Ophiuroidea,Ophiacanthida,Ophiocomidae,Ophiomastix,,"taxonomy source=taxonomy-data, status=present"
ophiomaza_cacaotica,,,,,,,,"taxonomy source=taxonomy-data, status=present"
ophiomoeris_obstricta,Animalia,Echinodermata,Ophiuroidea,Ophiacanthida,Ophiacanthidae,Ophiomoeris,,"taxonomy source=taxonomy-data, status=present"
ophiomoeris_tenera,,,,,,,,"taxonomy source=taxonomy-data, status=present"
ophiomyces_delata,,,,,,,,"taxonomy source=taxonomy-data, status=present"
ophiomyxa_australis,,,,,,,,"taxonomy source=taxonomy-data, status=present"
ophiomyxa_bengalensis,,,,,,,,"taxonomy source=taxonomy-data, status=present"
ophionereis_dubia_dubia,,,,,,,,"taxonomy source=taxonomy-data, status=present"
ophionereis_porrecta,,,,,,,,"taxonomy source=taxonomy-data, status=present"
ophiopeza_spinosa,,,,,,,,"taxonomy source=taxonomy-data, status=present"
ophioplax_custos,,,,,,,,"taxonomy source=taxonomy-data, status=present"
ophioplinthus_inflata,,,,,,,,"taxonomy source=taxonomy-data, status=present"
ophiopristis_vestita,,,,,,,,"taxonomy source=taxonomy-data, status=present"
ophiopsammus,,,,,,,,"taxonomy source=taxonomy-data, status=present"
ophiopsammus_yoldii,,,,,,,,"taxonomy source=taxonomy-data, status=present"
ophiopsila_pantherina,,,,,,,,"taxonomy source=taxonomy-data, status=present"
ophiopteron_elegans,,,,,,,,"taxonomy source=taxonomy-data, status=present"
ophiosphaera_insignis,,,,,,,,"taxonomy source=taxonomy-data, status=present"
ophiosphalma_familiare,,,,,,,,"taxonomy source=taxonomy-data, status=present"
ophiothela_mirabilis,,,,,,,,"taxonomy source=taxonomy-data, status=present"
ophiothrix_acanthophiothrix_proteus,,,,,,,,"taxonomy source=taxonomy-data, status=present"
ophiothrix_acanthophiothrix_purpurea,,,,,,,,"taxonomy source=taxonomy-data, status=present"
ophiothrix_ophiothrix_aristulata,,,,,,,,"taxonomy source=taxonomy-data, status=present"
ophiothrix_ophiothrix_foveolata,,,,,,,,"taxonomy source=taxonomy-data, status=present"
ophiothrix_ophiothrix_savignyi,,,,,,,,"taxonomy source=taxonomy-data, status=present"
ophiotreta_stimulea,,,,,,,,"taxonomy source=taxonomy-data, status=present"
ophiozonella,,,,,,,,"taxonomy source=taxonomy-data, status=present"
ophiozonella_bispinosa,,,,,,,,"taxonomy source=taxonomy-data, status=present"
ophiura_dictenophiura_stellata,,,,,,,,"taxonomy source=taxonomy-data, status=present"
ophiuroglypha_kinbergi,,,,,,,,"taxonomy source=taxonomy-data, status=present"
opisthodonta_longocirrata,,,,,,,,"taxonomy source=taxonomy-data, status=present"
opisthosyllis_brunnea,,,,,,,,"taxonomy source=taxonomy-data, status=present"
oplophorus_gracilirostris,,,,,,,,"taxonomy source=taxonomy-data, status=present"
orbinia_monroi,,,,,,,,"taxonomy source=taxonomy-data, status=present"
orbiraja_powelli,,,,,,,,"taxonomy source=taxonomy-data, status=present"
ornithoteuthis_volatilis,,,,,,,,"taxonomy source=taxonomy-data, status=present"
ostracoberx_dorygenys,,,,,,,,taxonomy source=taxonomy-enriched
ostracoberyx_dorygenys,,,,,,,,"taxonomy source=taxonomy-data, status=present"
owenia_fusiformis,,,,,,,,"taxonomy source=taxonomy-data, status=present"
owstonia_kamoharai,,,,,,,,"taxonomy source=taxonomy-data, status=present"
owstonia_weberi,,,,,,,,"taxonomy source=taxonomy-data, status=present"
pachystomias_microdon,,,,,,,,"taxonomy source=taxonomy-data, status=present"
paelopatides_incerta,,,,,,,,"taxonomy source=taxonomy-data, status=present"
paleanotus_chrysolepis,,,,,,,,"taxonomy source=taxonomy-data, status=present"
parabostrichus_bathyalis,,,,,,,,"taxonomy source=taxonomy-data, status=present"
paracyatholaimus,,,,,,,,"taxonomy source=taxonomy-data, status=present"
paradoneis_lyra,,,,,,,,"taxonomy source=taxonomy-data, status=present"
paradoneis_lyra_capensis,,,,,,,,"taxonomy source=taxonomy-data, status=present"
paraehlersia_ehlersiaeformis,,,,,,,,"taxonomy source=taxonomy-data, status=present"
paraehlersia_ferrugina,,,,,,,,"taxonomy source=taxonomy-data, status=present"
paragourretia_galathea,Animalia,Arthropoda,Malacostraca,Decapoda,Ctenochelidae,Paragourretia,,"taxonomy source=taxonomy-data, status=present"
paralacydonia_paradoxa,,,,,,,,"taxonomy source=taxonomy-data, status=present"
paralomis_ceres,Animalia,Arthropoda,Malacostraca,Decapoda,Lithodidae,Paralomis,,"taxonomy source=taxonomy-data, status=present"
paralomis_indica,Animalia,Arthropoda,Malacostraca,Decapoda,Lithodidae,Paralomis,,"taxonomy source=taxonomy-data, status=present"
paralongicyatholaimus,,,,,,,,"taxonomy source=taxonomy-data, status=present"
paramaja_gibba,Animalia,Arthropoda,Malacostraca,Decapoda,Majidae,Paramaja,,"taxonomy source=taxonomy-data, status=present"
paramicrolaimus_damodarani,,,,,,,,"taxonomy source=taxonomy-data, status=present"
paramicrolaimus_spirulifer,,,,,,,,"taxonomy source=taxonomy-data, status=present"
paramunida_travancorica,Animalia,Arthropoda,Malacostraca,Decapoda,Munididae,Paramunida,,"taxonomy source=taxonomy-data, status=present"
parapenaeus_fissurus,,,,,,,,"taxonomy source=taxonomy-data, status=present"
parapenaeus_investigatoris,,,,,,,,"taxonomy source=taxonomy-data, status=present"
parapercis_sp,,,,,,,,"taxonomy source=taxonomy-data, status=present"
parapontocaris_andamanensis,,,,,,,,"taxonomy source=taxonomy-data, status=present"
parapontocaris_aspera,,,,,,,,"taxonomy source=taxonomy-data, status=present"
parapontocaris_bengalensis,,,,,,,,"taxonomy source=taxonomy-data, status=present"
paraprionospio_pinnata,,,,,,,,"taxonomy source=taxonomy-data, status=present"
paratrema_doederleini,,,,,,,,"taxonomy source=taxonomy-data, status=present"
pareulepis,,,,,,,,"taxonomy source=taxonomy-data, status=present"
parilia_alcocki,Animalia,Arthropoda,Malacostraca,Decapoda,Leucosiidae,Parilia,,"taxonomy source=taxonomy-data, status=present"
parilia_pattersoni,,,,,,,,"taxonomy source=taxonomy-data, status=present"
pariphiculus_coronatus,Animalia,Arthropoda,Malacostraca,Decapoda,Iphiculidae,Pariphiculus,,"taxonomy source=taxonomy-data, status=present"
paromolopsis_boasi,,,,,,,,"taxonomy source=taxonomy-data, status=present"
parthenope_longimanus,,,,,,,,"taxonomy source=taxonomy-data, status=present"
pasiphaea_alcocki,,,,,,,,"taxonomy source=taxonomy-data, status=present"
paucibranchia_adenensis,,,,,,,,"taxonomy source=taxonomy-data, status=present"
pearsonothuria_graeffei,Animalia,Echinodermata,Holothuroidea,Holothuriida,Holothuriidae,Pearsonothuria,,"taxonomy source=taxonomy-data, status=present"
pelogenia,,,,,,,,"taxonomy source=taxonomy-data, status=present"
peltodoris_murrea,Animalia,Mollusca,Gastropoda,Doridida,Discodorididae,Peltodoris,,"taxonomy source=taxonomy-data, status=present"
penaeopsis,,,,,,,,"taxonomy source=taxonomy-data, status=present"
penaeopsis_rectacuta,,,,,,,,"taxonomy source=taxonomy-data, status=present"
penaeus_semisulcatus,,,,,,,,"taxonomy source=taxonomy-data, status=present"
pericelis_byerleyana,,,,,,,,"taxonomy source=taxonomy-data, status=present"
pericosmus_macronesius,,,,,,,,"taxonomy source=taxonomy-data, status=present"
peristedion_amblygenys,,,,,,,,"taxonomy source=taxonomy-data, status=present"
peristedion_liorhynchus,,,,,,,,"taxonomy source=taxonomy-data, status=present"
persephonaster,,,,,,,,"taxonomy source=taxonomy-data, status=present"
persephonaster_coelochilus,,,,,,,,"taxonomy source=taxonomy-data, status=present"
petalomera_indica,,,,,,,,"taxonomy source=taxonomy-data, status=present"
petrarctus_rugosus,Animalia,Arthropoda,Malacostraca,Decapoda,Scyllaridae,Petrarctus,,"taxonomy source=taxonomy-data, status=present"
petrolisthes_militaris,,,,,,,,"taxonomy source=taxonomy-data, status=present"
pettibonella_shompens,,,,,,,,"taxonomy source=taxonomy-data, status=present"
phalangipus_hystrix,Animalia,Arthropoda,Malacostraca,Decapoda,Epialtidae,Phalangipus,,"taxonomy source=taxonomy-data, status=present"
phanoderma,,,,,,,,"taxonomy source=taxonomy-data, status=present"
phanogenia_distincta,,,,,,,,"taxonomy source=taxonomy-data, status=present"
phascolion_lesenka,,,,,,,,"taxonomy source=taxonomy-data, status=present"
phascolion_montuga,,,,,,,,"taxonomy source=taxonomy-data, status=present"
phascolosoma_phascolosoma_pacificum,,,,,,,,"taxonomy source=taxonomy-data, status=present"
phascolosoma_phascolosoma_perlucens,,,,,,,,"taxonomy source=taxonomy-data, status=present"
pherusa_laevis,,,,,,,,"taxonomy source=taxonomy-data, status=present"
pherusa_saldanha,,,,,,,,"taxonomy source=taxonomy-data, status=present"
pherusa_tropica,,,,,,,,"taxonomy source=taxonomy-data, status=present"
phestilla_lugubris,,,,,,,,"taxonomy source=taxonomy-data, status=present"
pholoe,,,,,,,,"taxonomy source=taxonomy-data, status=present"
pholoe_glabra,,,,,,,,"taxonomy source=taxonomy-data, status=present"
pholoides,,,,,,,,"taxonomy source=taxonomy-data, status=present"
pholoides_brasiliensis,,,,,,,,"taxonomy source=taxonomy-data, status=present"
phormosoma,,,,,,,,"taxonomy source=taxonomy-data, status=present"
photonectes,,,,,,,,"taxonomy source=taxonomy-data, status=present"
photonectes_barnetti,,,,,,,,"taxonomy source=taxonomy-data, status=present"
photonectes_margarita,,,,,,,,"taxonomy source=taxonomy-data, status=present"
photonectes_paxtoni,,,,,,,,"taxonomy source=taxonomy-data, status=present"
photostomias_atrox,,,,,,,,"taxonomy source=taxonomy-data, status=present"
phyllacanthus_forcipulatus,,,,,,,,"taxonomy source=taxonomy-data, status=present"
phylladiorhynchus,,,,,,,,"taxonomy source=taxonomy-data, status=present"
phyllidia_alyta,Animalia,Mollusca,Gastropoda,Doridida,Phyllidiidae,Phyllidia,,"taxonomy source=taxonomy-data, status=present"
phyllidia_marindica,Animalia,Mollusca,Gastropoda,Doridida,Phyllidiidae,Phyllidia,,"taxonomy source=taxonomy-data, status=present"
phyllidia_ocellata,Animalia,Mollusca,Gastropoda,Doridida,Phyllidiidae,Phyllidia,,"taxonomy source=taxonomy-data, status=present"
phyllidiella_rosans,Animalia,Mollusca,Gastropoda,Doridida,Phyllidiidae,Phyllidiella,,"taxonomy source=taxonomy-data, status=present"
phyllidiella_zeylanica,,,,,,,,"taxonomy source=taxonomy-data, status=present"
phyllidiopsis_phiphiensis,,,,,,,,"taxonomy source=taxonomy-data, status=present"
phyllodoce_anaitis_capensis,,,,,,,,"taxonomy source=taxonomy-data, status=present"
phyllodoce_fristedti,,,,,,,,"taxonomy source=taxonomy-data, status=present"
phyllodoce_longipes,,,,,,,,"taxonomy source=taxonomy-data, status=present"
phyllodoce_malmgreni,Animalia,Annelida,Polychaeta,Phyllodocida,Phyllodocidae,Phyllodoce,,"taxonomy source=taxonomy-data, status=present"
physiculus_natalensis,,,,,,,,"taxonomy source=taxonomy-data, status=present"
physiculus_roseus,,,,,,,,"taxonomy source=taxonomy-data, status=present"
pillsburiaster_doderleini,,,,,,,,"taxonomy source=taxonomy-data, status=present"
pionosyllis,,,,,,,,"taxonomy source=taxonomy-data, status=present"
piromis_bifidus,,,,,,,,"taxonomy source=taxonomy-data, status=present"
pisione,,,,,,,,"taxonomy source=taxonomy-data, status=present"
pisione_africana,,,,,,,,"taxonomy source=taxonomy-data, status=present"
pisione_brevicirra,Animalia,Annelida,Polychaeta,Phyllodocida,Sigalionidae,Pisione,,"taxonomy source=taxonomy-data, status=present"
pisodonophis_cancrivorus,,,,,,,,"taxonomy source=taxonomy-data, status=present"
pista_australis,,,,,,,,"taxonomy source=taxonomy-data, status=present"
pista_cristata,,,,,,,,"taxonomy source=taxonomy-data, status=present"
pista_unibranchia,,,,,,,,"taxonomy source=taxonomy-data, status=present"
plakobranchus_ocellatus,Animalia,Mollusca,Gastropoda,,Plakobranchidae,Plakobranchus,,"taxonomy source=taxonomy-data, status=present"
platymaia_alcocki,Animalia,Arthropoda,Malacostraca,Decapoda,Oregoniidae,Platymaia,,"taxonomy source=taxonomy-data, status=present"
platynereis,,,,,,,,"taxonomy source=taxonomy-data, status=present"
platytroctes_mirus,,,,,,,,"taxonomy source=taxonomy-data, status=present"
plectrogenium_nanum,,,,,,,,"taxonomy source=taxonomy-data, status=present"
pleistacantha_pungens,Animalia,Arthropoda,Malacostraca,Decapoda,Oregoniidae,Pleistacantha,,"taxonomy source=taxonomy-data, status=present"
plesionika,,,,,,,,"taxonomy source=taxonomy-data, status=present"
plesionika_orientalis,,,,,,,,"taxonomy source=taxonomy-data, status=present"
plesionika_quasigrandis,,,,,,,,"taxonomy source=taxonomy-data, status=present"
plesionika_semilaevis,,,,,,,,"taxonomy source=taxonomy-data, status=present"
pleurobranchus_forskalii,Animalia,Mollusca,Gastropoda,Pleurobranchida,Pleurobranchidae,Pleurobranchus,,"taxonomy source=taxonomy-data, status=present"
pleurobranchus_grandis,Animalia,Mollusca,Gastropoda,Pleurobranchida,Pleurobranchidae,Pleurobranchus,,"taxonomy source=taxonomy-data, status=present"
pleurobranchus_peronii,,,,,,,,"taxonomy source=taxonomy-data, status=present"
pleuroscopus_sp,,,,,,,,"taxonomy source=taxonomy-data, status=present"
podarkeopsis,,,,,,,,"taxonomy source=taxonomy-data, status=present"
podarkeopsis_capensis,,,,,,,,"taxonomy source=taxonomy-data, status=present"
poecilochaetus_serpens,Animalia,Annelida,Polychaeta,Spionida,Poecilochaetidae,Poecilochaetus,,"taxonomy source=taxonomy-data, status=present"
polycheles_typhlops,,,,,,,,"taxonomy source=taxonomy-data, status=present"
polychelidae,,,,,,,,"taxonomy source=taxonomy-data, status=present"
polycirrus,,,,,,,,"taxonomy source=taxonomy-data, status=present"
polygordius,,,,,,,,"taxonomy source=taxonomy-data, status=present"
polyipnus_limatulus,,,,,,,,"taxonomy source=taxonomy-data, status=present"
polymixia_fusca,,,,,,,,"taxonomy source=taxonomy-data, status=present"
polymixia_japonica,,,,,,,,"taxonomy source=taxonomy-data, status=present"
polyodontes,,,,,,,,"taxonomy source=taxonomy-data, status=present"
polyodontes_maxillosus,,,,,,,,"taxonomy source=taxonomy-data, status=present"
polyophthalmus,,,,,,,,"taxonomy source=taxonomy-data, status=present"
polysigma,,,,,,,,"taxonomy source=taxonomy-data, status=present"
pontocaris_affinis_affinis,,,,,,,,"taxonomy source=taxonomy-data, status=present"
pontocaris_propensalata,,,,,,,,"taxonomy source=taxonomy-data, status=present"
pontogenia,,,,,,,,"taxonomy source=taxonomy-data, status=present"
porcellanella_haigae,,,,,,,,"taxonomy source=taxonomy-data, status=present"
portunus_sanguinolentus,,,,,,,,"taxonomy source=taxonomy-data, status=present"
potamilla_leptochaeta,,,,,,,,"taxonomy source=taxonomy-data, status=present"
prionocidaris_baculosa,,,,,,,,"taxonomy source=taxonomy-data, status=present"
prionospio_andamanensis,,,,,,,,"taxonomy source=taxonomy-data, status=present"
prionospio_atrovitta,,,,,,,,"taxonomy source=taxonomy-data, status=present"
prionospio_bocki,,,,,,,,"taxonomy source=taxonomy-data, status=present"
prionospio_cerastae,,,,,,,,"taxonomy source=taxonomy-data, status=present"
prionospio_cirrifera,,,,,,,,"taxonomy source=taxonomy-data, status=present"
prionospio_cornuta,,,,,,,,"taxonomy source=taxonomy-data, status=present"
prionospio_ehlersi,,,,,,,,"taxonomy source=taxonomy-data, status=present"
prionospio_henriki,,,,,,,,"taxonomy source=taxonomy-data, status=present"
prionospio_komaeti,,,,,,,,"taxonomy source=taxonomy-data, status=present"
prionospio_neenae,,,,,,,,"taxonomy source=taxonomy-data, status=present"
prionospio_nielseni,,,,,,,,"taxonomy source=taxonomy-data, status=present"
prionospio_phuketensis,,,,,,,,"taxonomy source=taxonomy-data, status=present"
prionospio_polybranchiata,,,,,,,,"taxonomy source=taxonomy-data, status=present"
prismatopus_longispinus,,,,,,,,"taxonomy source=taxonomy-data, status=present"
prochaetosoma_dokdoense,,,,,,,,"taxonomy source=taxonomy-data, status=present"
procletes_levicarina,,,,,,,,"taxonomy source=taxonomy-data, status=present"
prosphaerosyllis_semiverrucosa,,,,,,,,"taxonomy source=taxonomy-data, status=present"
protankyra,,,,,,,,"taxonomy source=taxonomy-data, status=present"
protankyra_denticulata,,,,,,,,"taxonomy source=taxonomy-data, status=present"
protobonellia,,,,,,,,"taxonomy source=taxonomy-data, status=present"
protodorvillea_egena,,,,,,,,"taxonomy source=taxonomy-data, status=present"
protoreaster_nodosus,,,,,,,,"taxonomy source=taxonomy-data, status=present"
psalidopus_huxleyi,,,,,,,,"taxonomy source=taxonomy-data, status=present"
psamathe_fusca,,,,,,,,"taxonomy source=taxonomy-data, status=present"
psammonema_kuriani,,,,,,,,"taxonomy source=taxonomy-data, status=present"
pselionema_annulatum,,,,,,,,"taxonomy source=taxonomy-data, status=present"
pselionema_simplex,,,,,,,,"taxonomy source=taxonomy-data, status=present"
psenopsis_anomala,,,,,,,,"taxonomy source=taxonomy-data, status=present"
psenopsis_cyanea,,,,,,,,"taxonomy source=taxonomy-data, status=present"
psenopsis_obscura,,,,,,,,taxonomy source=taxonomy-enriched
pseudarchaster_mozaicus,,,,,,,,"taxonomy source=taxonomy-data, status=present"
pseudaristeus_crassipes,,,,,,,,"taxonomy source=taxonomy-data, status=present"
pseudexogone,Animalia,Annelida,Polychaeta,Phyllodocida,Pilargidae,Pseudexogone,,"taxonomy source=taxonomy-data, status=present"
pseudobiceros_apricus,Animalia,Platyhelminthes,,Polycladida,Pseudocerotidae,Pseudobiceros,,"taxonomy source=taxonomy-data, status=present"
pseudobiceros_damawan,Animalia,Platyhelminthes,,Polycladida,Pseudocerotidae,Pseudobiceros,,"taxonomy source=taxonomy-data, status=present"
pseudobiceros_hancockanus,Animalia,Platyhelminthes,,Polycladida,Pseudocerotidae,Pseudobiceros,,"taxonomy source=taxonomy-data, status=present"
pseudobiceros_hymanae,Animalia,Platyhelminthes,,Polycladida,Pseudocerotidae,Pseudobiceros,,"taxonomy source=taxonomy-data, status=present"
pseudobiceros_stellae,Animalia,Platyhelminthes,,Polycladida,Pseudocerotidae,Pseudobiceros,,"taxonomy source=taxonomy-data, status=present"
pseudoboletia_maculata,,,,,,,,"taxonomy source=taxonomy-data, status=present"
pseudoceros_agattiensis,,,,,,,,"taxonomy source=taxonomy-data, status=present"
pseudoceros_bicolor,Animalia,Platyhelminthes,,Polycladida,Pseudocerotidae,Pseudoceros,,"taxonomy source=taxonomy-data, status=present"
pseudoceros_bipurpureus,,,,,,,,"taxonomy source=taxonomy-data, status=present"
pseudoceros_bolool,Animalia,Platyhelminthes,,Polycladida,Pseudocerotidae,Pseudoceros,,"taxonomy source=taxonomy-data, status=present"
pseudoceros_duplicinctus,Animalia,Platyhelminthes,,Polycladida,Pseudocerotidae,Pseudoceros,,"taxonomy source=taxonomy-data, status=present"
pseudoceros_galatheensis,Animalia,Platyhelminthes,,Polycladida,Pseudocerotidae,Pseudoceros,,"taxonomy source=taxonomy-data, status=present"
pseudoceros_galaxea,Animalia,Platyhelminthes,,Polycladida,Pseudocerotidae,Pseudoceros,,"taxonomy source=taxonomy-data, status=present"
pseudoceros_indicus,Animalia,Platyhelminthes,,Polycladida,Pseudocerotidae,Pseudoceros,,"taxonomy source=taxonomy-data, status=present"
pseudoceros_paralaticlavus,Animalia,Platyhelminthes,,Polycladida,Pseudocerotidae,Pseudoceros,,"taxonomy source=taxonomy-data, status=present"
pseudoceros_stellans,Animalia,Platyhelminthes,,Polycladida,Pseudocerotidae,Pseudoceros,,"taxonomy source=taxonomy-data, status=present"
pseudohowella_sp,,,,,,,,"taxonomy source=taxonomy-data, status=present"
pseudolambrus_calappoides,,,,,,,,"taxonomy source=taxonomy-data, status=present"
pseudolambrus_confragosus,,,,,,,,"taxonomy source=taxonomy-data, status=present"
pseudolambrus_tarpeius,,,,,,,,"taxonomy source=taxonomy-data, status=present"
pseudopotamilla_saxicava,,,,,,,,"taxonomy source=taxonomy-data, status=present"
pseudosquilla_ciliata,,,,,,,,"taxonomy source=taxonomy-data, status=present"
pseudostichopus,,,,,,,,"taxonomy source=taxonomy-data, status=present"
psilaster_agassizi,,,,,,,,"taxonomy source=taxonomy-data, status=present"
pterygotrigla_cajorarori,,,,,,,,"taxonomy source=taxonomy-data, status=present"
pterygotrigla_hemistica,,,,,,,,taxonomy source=taxonomy-enriched
pterygotrigla_hemisticta,,,,,,,,"taxonomy source=taxonomy-data, status=present"
puerulus_angulatus,Animalia,Arthropoda,Malacostraca,Decapoda,Palinuridae,Puerulus,,"taxonomy source=taxonomy-data, status=present"
puerulus_sewelli,Animalia,Arthropoda,Malacostraca,Decapoda,Palinuridae,Puerulus,,"taxonomy source=taxonomy-data, status=present"
pycnocraspedum_armatum,,,,,,,,"taxonomy source=taxonomy-data, status=present"
pycnocraspedum_squamipinne,,,,,,,,"taxonomy source=taxonomy-data, status=present"
quadrella_reticulata,,,,,,,,"taxonomy source=taxonomy-data, status=present"
quollastria_gonypetes,,,,,,,,"taxonomy source=taxonomy-data, status=present"
raninoides_personatus,,,,,,,,"taxonomy source=taxonomy-data, status=present"
raymunida_shraddhanandi,Animalia,Arthropoda,Malacostraca,Decapoda,Munididae,Raymunida,,"taxonomy source=taxonomy-data, status=present"
raymunida_vittata,Animalia,Arthropoda,Malacostraca,Decapoda,Munididae,Raymunida,,"taxonomy source=taxonomy-data, status=present"
retropluma_notopus,,,,,,,,"taxonomy source=taxonomy-data, status=present"
rexea_prometheoides,,,,,,,,"taxonomy source=taxonomy-data, status=present"
rhabdonotus_pictus,,,,,,,,"taxonomy source=taxonomy-data, status=present"
rhamphobrachium_diversosetosum,,,,,,,,"taxonomy source=taxonomy-data, status=present"
rhinolambrus_longispinus,,,,,,,,"taxonomy source=taxonomy-data, status=present"
rhips,,,,,,,,"taxonomy source=taxonomy-data, status=present"
rhynchonema_hirsutum,,,,,,,,"taxonomy source=taxonomy-data, status=present"
richtersia,,,,,,,,"taxonomy source=taxonomy-data, status=present"
richtersia_bathyalis,,,,,,,,"taxonomy source=taxonomy-data, status=present"
rosaster_florifer,,,,,,,,"taxonomy source=taxonomy-data, status=present"
rosaster_symbolicus,,,,,,,,"taxonomy source=taxonomy-data, status=present"
ruvettus_pretiosus,,,,,,,,"taxonomy source=taxonomy-data, status=present"
sabatieria_alata,,,,,,,,"taxonomy source=taxonomy-data, status=present"
saccocirrus,,,,,,,,"taxonomy source=taxonomy-data, status=present"
salmacis_bicolor,,,,,,,,"taxonomy source=taxonomy-data, status=present"
salmacis_virgulata,,,,,,,,"taxonomy source=taxonomy-data, status=present"
samadinia_riversandersoni,,,,,,,,"taxonomy source=taxonomy-data, status=present"
samythella_affinis,,,,,,,,"taxonomy source=taxonomy-data, status=present"
saracrinus_angulatus,,,,,,,,"taxonomy source=taxonomy-data, status=present"
saron_marmoratus,,,,,,,,"taxonomy source=taxonomy-data, status=present"
satyrichthys_laticeps,,,,,,,,"taxonomy source=taxonomy-data, status=present"
satyrichthys_milleri,,,,,,,,"taxonomy source=taxonomy-data, status=present"
saurida_tumbil,,,,,,,,taxonomy source=taxonomy-enriched
saurida_undosquamis,,,,,,,,"taxonomy source=taxonomy-data, status=present"
scalicus_investigatoris,,,,,,,,"taxonomy source=taxonomy-data, status=present"
scalicus_orientalis,,,,,,,,"taxonomy source=taxonomy-data, status=present"
scalicus_serrulates,,,,,,,,"taxonomy source=taxonomy-data, status=present"
scalicus_serrulatus,,,,,,,,"taxonomy source=taxonomy-data, status=present"
scaptrella_filicaudata,,,,,,,,"taxonomy source=taxonomy-data, status=present"
schistomeringos_neglecta,,,,,,,,"taxonomy source=taxonomy-data, status=present"
schistomeringos_rudolphi,,,,,,,,"taxonomy source=taxonomy-data, status=present"
schizaster_gibberulus,,,,,,,,"taxonomy source=taxonomy-data, status=present"
scolelepis,,,,,,,,"taxonomy source=taxonomy-data, status=present"
scolelepis_scolelepis_squamata,,,,,,,,"taxonomy source=taxonomy-data, status=present"
scoloplos,,,,,,,,"taxonomy source=taxonomy-data, status=present"
scoloplos_scoloplos_marsupialis,,,,,,,,"taxonomy source=taxonomy-data, status=present"
scopelengys_tristis,,,,,,,,"taxonomy source=taxonomy-data, status=present"
sculpsitechinus_auritus,,,,,,,,"taxonomy source=taxonomy-data, status=present"
scyphoproctus_armatus,,,,,,,,"taxonomy source=taxonomy-data, status=present"
sepia_aculeata,,,,,,,,"taxonomy source=taxonomy-data, status=present"
sepia_pharaonis,,,,,,,,"taxonomy source=taxonomy-data, status=present"
sepiella_inermis,,,,,,,,"taxonomy source=taxonomy-data, status=present"
sergia_laminata,,,,,,,,"taxonomy source=taxonomy-data, status=present"
setarches_guentheri,,,,,,,,"taxonomy source=taxonomy-data, status=present"
setarches_longimanus,,,,,,,,"taxonomy source=taxonomy-data, status=present"
sicyonia_parajaponica,,,,,,,,"taxonomy source=taxonomy-data, status=present"
sicyonia_vitulans,,,,,,,,"taxonomy source=taxonomy-data, status=present"
sidonaster_vaneyi,,,,,,,,"taxonomy source=taxonomy-data, status=present"
sigalion,,,,,,,,"taxonomy source=taxonomy-data, status=present"
sigalion_mathildae,,,,,,,,"taxonomy source=taxonomy-data, status=present"
sigambra_parva,,,,,,,,"taxonomy source=taxonomy-data, status=present"
sigambra_tentaculata,,,,,,,,"taxonomy source=taxonomy-data, status=present"
sigmops_elongatus,,,,,,,,"taxonomy source=taxonomy-data, status=present"
singhaplax,,,,,,,,"taxonomy source=taxonomy-data, status=present"
siphonolaimus_cobbi,,,,,,,,"taxonomy source=taxonomy-data, status=present"
sipunculus,,,,,,,,"taxonomy source=taxonomy-data, status=present"
sipunculus_sipunculus_longipapillosus,,,,,,,,"taxonomy source=taxonomy-data, status=present"
sipunculus_sipunculus_norvegicus,,,,,,,,"taxonomy source=taxonomy-data, status=present"
sipunculus_sipunculus_nudus,,,,,,,,"taxonomy source=taxonomy-data, status=present"
solenocera,,,,,,,,"taxonomy source=taxonomy-data, status=present"
solenocera_annectens,,,,,,,,"taxonomy source=taxonomy-data, status=present"
solenocera_hextii,,,,,,,,"taxonomy source=taxonomy-data, status=present"
sphaerodromia_kendalli,,,,,,,,"taxonomy source=taxonomy-data, status=present"
sphaerodromia_nux,,,,,,,,"taxonomy source=taxonomy-data, status=present"
sphaerosyllis,,,,,,,,"taxonomy source=taxonomy-data, status=present"
sphaerosyllis_georgeharrisoni,,,,,,,,"taxonomy source=taxonomy-data, status=present"
sphenomerides_trapezioides,,,,,,,,"taxonomy source=taxonomy-data, status=present"
sphoeroides_pachygaster,,,,,,,,"taxonomy source=taxonomy-data, status=present"
sphyraena_jello,,,,,,,,"taxonomy source=taxonomy-data, status=present"
spinonema_absente,,,,,,,,"taxonomy source=taxonomy-data, status=present"
spinonema_gracilispiculum,,,,,,,,"taxonomy source=taxonomy-data, status=present"
spiochaetopterus,,,,,,,,"taxonomy source=taxonomy-data, status=present"
spiophanes_bombyx,,,,,,,,"taxonomy source=taxonomy-data, status=present"
spiophanes_duplex,,,,,,,,"taxonomy source=taxonomy-data, status=present"
spirinia_parasitifera,,,,,,,,"taxonomy source=taxonomy-data, status=present"
spirula_spirula,,,,,,,,"taxonomy source=taxonomy-data, status=present"
squalus_megalops,,,,,,,,"taxonomy source=taxonomy-data, status=present"
squilloides_leptosquilla,,,,,,,,"taxonomy source=taxonomy-data, status=present"
stellaster_childreni,,,,,,,,"taxonomy source=taxonomy-data, status=present"
stephanometra_indica,,,,,,,,"taxonomy source=taxonomy-data, status=present"
stereocidaris_alcocki,,,,,,,,"taxonomy source=taxonomy-data, status=present"
stereocidaris_indica,,,,,,,,"taxonomy source=taxonomy-data, status=present"
stereomastis_phosphorus,,,,,,,,"taxonomy source=taxonomy-data, status=present"
stereomastis_sculpta,,,,,,,,"taxonomy source=taxonomy-data, status=present"
sternoptyx_obscura,,,,,,,,"taxonomy source=taxonomy-data, status=present"
sternoptyx_pseudobscura,,,,,,,,"taxonomy source=taxonomy-data, status=present"
sternostylus_investigatoris,Animalia,Arthropoda,Malacostraca,Decapoda,Sternostylidae,Sternostylus,,"taxonomy source=taxonomy-data, status=present"
sthenelais,,,,,,,,"taxonomy source=taxonomy-data, status=present"
sthenelanella,,,,,,,,"taxonomy source=taxonomy-data, status=present"
sthenoteuthis_oualaniensis,,,,,,,,"taxonomy source=taxonomy-data, status=present"
stiremetra_carinifera,,,,,,,,"taxonomy source=taxonomy-data, status=present"
stolus_buccalis,,,,,,,,"taxonomy source=taxonomy-data, status=present"
stomias_affinis,,,,,,,,"taxonomy source=taxonomy-data, status=present"
streblosoma_persica,,,,,,,,"taxonomy source=taxonomy-data, status=present"
stylocheilus_striatus,Animalia,Mollusca,Gastropoda,Aplysiida,Aplysiidae,Stylocheilus,,"taxonomy source=taxonomy-data, status=present"
syllidia_armata,,,,,,,,"taxonomy source=taxonomy-data, status=present"
syllis_cornuta,Animalia,Annelida,Polychaeta,Phyllodocida,Syllidae,Syllis,,"taxonomy source=taxonomy-data, status=present"
syllis_hyalina,,,,,,,,"taxonomy source=taxonomy-data, status=present"
symbolophorus_evermanni,,,,,,,,"taxonomy source=taxonomy-data, status=present"
symbolophorus_rufinus,,,,,,,,"taxonomy source=taxonomy-data, status=present"
synagrops_japonicus,,,,,,,,"taxonomy source=taxonomy-data, status=present"
synalpheus_coutierei,,,,,,,,"taxonomy source=taxonomy-data, status=present"
synalpheus_neomeris,,,,,,,,"taxonomy source=taxonomy-data, status=present"
synalpheus_trispinosus,,,,,,,,"taxonomy source=taxonomy-data, status=present"
synaphobranchus_affinis,,,,,,,,"taxonomy source=taxonomy-data, status=present"
synonchiella,,,,,,,,"taxonomy source=taxonomy-data, status=present"
syringolaimus_annae,,,,,,,,"taxonomy source=taxonomy-data, status=present"
taaningichthys_minimus,,,,,,,,"taxonomy source=taxonomy-data, status=present"
tachytrypane,Animalia,Annelida,Polychaeta,,Opheliidae,Tachytrypane,,"taxonomy source=taxonomy-data, status=present"
talismania_longifilis,,,,,,,,taxonomy source=taxonomy-enriched
tamaria_fusca,,,,,,,,"taxonomy source=taxonomy-data, status=present"
tanaoa_pustulosus,Animalia,Arthropoda,Malacostraca,Decapoda,Leucosiidae,Tanaoa,,"taxonomy source=taxonomy-data, status=present"
taringa_caudata,Animalia,Mollusca,Gastropoda,Doridida,Discodorididae,Taringa,,"taxonomy source=taxonomy-data, status=present"
teliocrinus_springeri,,,,,,,,"taxonomy source=taxonomy-data, status=present"
terebellides_stroemii,,,,,,,,"taxonomy source=taxonomy-data, status=present"
thalamita_malaccensis,,,,,,,,"taxonomy source=taxonomy-data, status=present"
thalamita_oculea,,,,,,,,"taxonomy source=taxonomy-data, status=present"
thalamita_picta,,,,,,,,"taxonomy source=taxonomy-data, status=present"
thalamita_sexlobata,,,,,,,,"taxonomy source=taxonomy-data, status=present"
thalamita_sima,,,,,,,,"taxonomy source=taxonomy-data, status=present"
thalamita_spinifera,,,,,,,,"taxonomy source=taxonomy-data, status=present"
thalassolaimus,,,,,,,,"taxonomy source=taxonomy-data, status=present"
thalassometra,,,,,,,,"taxonomy source=taxonomy-data, status=present"
themisto_gaudichaudi,Animalia,Arthropoda,Malacostraca,Amphipoda,Hyperiidae,Themisto,,"taxonomy source=taxonomy-data, status=present"
thuridilla_gracilis,Animalia,Mollusca,Gastropoda,,Plakobranchidae,Thuridilla,,"taxonomy source=taxonomy-data, status=present"
thyone_dura,,,,,,,,"taxonomy source=taxonomy-data, status=present"
tokoyo_eburnea,Animalia,Arthropoda,Malacostraca,Decapoda,Leucosiidae,Tokoyo,,"taxonomy source=taxonomy-data, status=present"
toxopneustes_pileolus,Animalia,Echinodermata,Echinoidea,Camarodonta,Toxopneustidae,Toxopneustes,,"taxonomy source=taxonomy-data, status=present"
trachysalambria_aspera,,,,,,,,"taxonomy source=taxonomy-data, status=present"
trapezionida_aequispina,Animalia,Arthropoda,Malacostraca,Decapoda,Munididae,Trapezionida,,"taxonomy source=taxonomy-data, status=present"
trapezionida_bharuchai,Animalia,Arthropoda,Malacostraca,Decapoda,Munididae,Trapezionida,,"taxonomy source=taxonomy-data, status=present"
trapezionida_latior,,,,,,,,"taxonomy source=taxonomy-data, status=present"
trapezionida_samudrika,,,,,,,,"taxonomy source=taxonomy-data, status=present"
trichobranchus_glacialis,,,,,,,,"taxonomy source=taxonomy-data, status=present"
trichurus_lepturus,,,,,,,,taxonomy source=taxonomy-enriched
tricoma_brevirostris,,,,,,,,"taxonomy source=taxonomy-data, status=present"
triplophos_hemingi,,,,,,,,"taxonomy source=taxonomy-data, status=present"
tripneustes_gratilla,,,,,,,,"taxonomy source=taxonomy-data, status=present"
trochamus_bulbosa,,,,,,,,"taxonomy source=taxonomy-data, status=present"
tunepugettia_corbariae,,,,,,,,"taxonomy source=taxonomy-data, status=present"
tydemania_navigatoris,,,,,,,,"taxonomy source=taxonomy-data, status=present"
urashima_lamellidentatus,,,,,,,,"taxonomy source=taxonomy-data, status=present"
urnalana_pulchella,Animalia,Arthropoda,Malacostraca,Decapoda,Leucosiidae,Urnalana,,"taxonomy source=taxonomy-data, status=present"
urnalana_purarensis,,,,,,,,"taxonomy source=taxonomy-data, status=present"
uroptychus_sampadae,Animalia,Arthropoda,Malacostraca,Decapoda,Chirostylidae,Uroptychus,,"taxonomy source=taxonomy-data, status=present"
uroteuthis_photololigo_duvaucelii,,,,,,,,"taxonomy source=taxonomy-data, status=present"
uroteuthis_photololigo_edulis,,,,,,,,"taxonomy source=taxonomy-data, status=present"
uroteuthis_photololigo_singhalensis,,,,,,,,"taxonomy source=taxonomy-data, status=present"
valvaster_striatus,,,,,,,,"taxonomy source=taxonomy-data, status=present"
vampyroteuthis_sp,,,,,,,,"taxonomy source=taxonomy-data, status=present"
ventrifossa_macropogon,,,,,,,,"taxonomy source=taxonomy-data, status=present"
verconia_norba,,,,,,,,"taxonomy source=taxonomy-data, status=present"
vinciguerria_nimbaria,,,,,,,,"taxonomy source=taxonomy-data, status=present"
visayax_osteodictyon,,,,,,,,"taxonomy source=taxonomy-data, status=present"
viscosia,,,,,,,,"taxonomy source=taxonomy-data, status=present"
willeysthenelais,,,,,,,,"taxonomy source=taxonomy-data, status=present"
woodsia_nonsuchae,,,,,,,,"taxonomy source=taxonomy-data, status=present"
xanthias_joanneae,,,,,,,,"taxonomy source=taxonomy-data, status=present"
xenocephalus_cribratus,,,,,,,,"taxonomy source=taxonomy-data, status=present"
xenomystax_trucidans,,,,,,,,taxonomy source=taxonomy-enriched
xiphonectes_pulchricristatus,,,,,,,,"taxonomy source=taxonomy-data, status=present"
xiphonectes_tuberculosus,,,,,,,,"taxonomy source=taxonomy-data, status=present"
ypsilothuria_bitentaculata,,,,,,,,"taxonomy source=taxonomy-data, status=present"
zachsiella,,,,,,,,"taxonomy source=taxonomy-data, status=present"
zenion_hololepis,,,,,,,,"taxonomy source=taxonomy-data, status=present"
zoroaster,,,,,,,,"taxonomy source=taxonomy-data, status=present"
zoroaster_alfredi,,,,,,,,"taxonomy source=taxonomy-data, status=present"
zoroaster_angulatus,,,,,,,,"taxonomy source=taxonomy-data, status=present"
zoroaster_planus,,,,,,,,"taxonomy source=taxonomy-data, status=present"
zygometra_comata,,,,,,,,"taxonomy source=taxonomy-data, status=present"
